id,text,issuer,label,source,reviewed,collected_at,category,source_family,origin,review_method,retrieved_at,split,generator_seed,seed_fingerprint,template_key
financial-syn-0001,"[롯데카드] 카드 결제대금 782,500원 입금 처리가 완료되었습니다. 07/14 11:05",롯데카드,0,https://www.lottecard.co.kr/app/LPBNFBD_V500.lc,true,,payment_status,financial_normal_synthetic_v2,rule_synthetic_from_reviewed_sms_patterns,generator_rule_and_source_review,2026-09-15,train,14299395154367344409,c671a821a701ef191291299601ff2e62bae738175275a819103af398ba952ada,payment_deposit_completed
financial-syn-0002,"[Web발신] KB국민카드 04** 승인거절 04/25 17:42 784,700원 보험료",KB국민카드,0,https://github.com/kakao/credit-card-sms-parser/blob/master/test/test_credit_card_sms_parser.rb,true,,payment_status,financial_normal_synthetic_v2,rule_synthetic_from_reviewed_sms_patterns,generator_rule_and_source_review,2026-09-15,train,342000425395832684,04bf07932cc0476c1a0ce30a23332f009a94670c9cb66dd0cb2a7edb77e5e7e2,approval_declined
financial-syn-0003,"[Web발신] [롯데카드] 대중교통 414,200원 매출취소가 처리되었습니다. 03/04 13:31",롯데카드,0,https://www.lottecard.co.kr/app/LPBNFBD_V500.lc,true,,payment_status,financial_normal_synthetic_v2,rule_synthetic_from_reviewed_sms_patterns,generator_rule_and_source_review,2026-09-15,train,9063216850989117773,7dc703b4fd8a714da2f83d42ebb2cd4d39bcda08ab7193f63251704d39a84428,sale_cancelled
financial-syn-0004,"[Web발신] NH농협카드 76** 승인거절 11/07 03:50 187,700원 보험료",NH농협카드,0,https://github.com/kakao/credit-card-sms-parser/blob/master/test/test_credit_card_sms_parser.rb,true,,payment_status,financial_normal_synthetic_v2,rule_synthetic_from_reviewed_sms_patterns,generator_rule_and_source_review,2026-09-15,train,15351741364067041317,d50c576f00e300257488d5a13c7e59e6604ec3495c9523b97227312b69ecaa85,approval_declined
financial-syn-0005,"[Web발신] 롯데카드 59** 승인거절 12/10 23:43 675,200원 약국",롯데카드,0,https://www.lottecard.co.kr/app/LPBNFBD_V500.lc,true,,payment_status,financial_normal_synthetic_v2,rule_synthetic_from_reviewed_sms_patterns,generator_rule_and_source_review,2026-09-15,train,13704839547426928295,be315ef5001b76a740f946dc1c852ea0b59ef4a4062ac9968839fcef15cc9714,approval_declined
financial-syn-0006,"[Web발신] [롯데카드] 정기결제 승인 08/03 14:22 877,400원 커피전문점",롯데카드,0,https://www.lottecard.co.kr/app/LPBNFBD_V500.lc,true,,payment_status,financial_normal_synthetic_v2,rule_synthetic_from_reviewed_sms_patterns,generator_rule_and_source_review,2026-09-15,train,9953853486639514685,8a233102216e843df43afc7de2abd62a7bc2ed5744c29e6bfeda986837eacfcc,recurring_approval
financial-syn-0007,[Web발신] KB국민카드 해외승인 20** 02/14 20:20 US$22.16 해외가맹점,KB국민카드,0,https://github.com/kakao/credit-card-sms-parser/blob/master/test/test_credit_card_sms_parser.rb,true,,payment_status,financial_normal_synthetic_v2,rule_synthetic_from_reviewed_sms_patterns,generator_rule_and_source_review,2026-09-15,train,16583815491443843360,e6258c531c2161207ba0ff11ab2b1872c1680cb45fad83bc6652b053b1dadec9,overseas_approval
financial-syn-0008,"NH농협카드 48** 승인 01/01 02:59 494,300원 통신요금 일시불",NH농협카드,0,https://github.com/kakao/credit-card-sms-parser/blob/master/test/test_credit_card_sms_parser.rb,true,,payment_status,financial_normal_synthetic_v2,rule_synthetic_from_reviewed_sms_patterns,generator_rule_and_source_review,2026-09-15,train,18297825837548630043,fdeeefa7390cf01b84f069173af0d190e22dbca90bd434a1adc1d78823c0a761,domestic_approval
financial-syn-0009,"BC카드 온라인승인 39** 02/02 10:57 268,600원 통신요금",BC카드,0,https://www.bccard.com/app/card/ContentsLinkActn.do?pgm_id=ind1074,true,,payment_status,financial_normal_synthetic_v2,rule_synthetic_from_reviewed_sms_patterns,generator_rule_and_source_review,2026-09-15,train,155580341343523240,0228bb7f03d091a83b8d32b4a28b8ee0f7c9b159730475a737ea7187e1c8a2be,online_approval
financial-syn-0010,"[BC카드]-승인 66** 03/17 18:43 159,700원 온라인서점 누적 2,599,600원",BC카드,0,https://www.bccard.com/app/card/ContentsLinkActn.do?pgm_id=ind1074,true,,payment_status,financial_normal_synthetic_v2,rule_synthetic_from_reviewed_sms_patterns,generator_rule_and_source_review,2026-09-15,train,8420316745883525722,74daf977b6a9225aa28739c6f9a3badafcbc6c1d7014ae834d106acfdbed9244,approval_with_total
financial-syn-0011,"[BC카드] 동네마트 269,100원 매출취소가 처리되었습니다. 08/21 13:37",BC카드,0,https://www.bccard.com/app/card/ContentsLinkActn.do?pgm_id=ind1074,true,,payment_status,financial_normal_synthetic_v2,rule_synthetic_from_reviewed_sms_patterns,generator_rule_and_source_review,2026-09-15,train,14910690976623782740,ceed6a7169486b540b380a2add766114f9805a91a37d789d99db49472f321edf,sale_cancelled
financial-syn-0012,"[Web발신] KB국민카드 64** 승인거절 02/28 04:13 566,400원 동네마트",KB국민카드,0,https://github.com/kakao/credit-card-sms-parser/blob/master/test/test_credit_card_sms_parser.rb,true,,payment_status,financial_normal_synthetic_v2,rule_synthetic_from_reviewed_sms_patterns,generator_rule_and_source_review,2026-09-15,train,17523821900028332084,f3311f2c4266483445c04cacaa7d49fe7427fab301aead8dd21ce1bd1c203753,approval_declined
financial-syn-0013,"KB국민카드 온라인승인 60** 09/15 02:29 654,000원 약국",KB국민카드,0,https://github.com/kakao/credit-card-sms-parser/blob/master/test/test_credit_card_sms_parser.rb,true,,payment_status,financial_normal_synthetic_v2,rule_synthetic_from_reviewed_sms_patterns,generator_rule_and_source_review,2026-09-15,train,8745302623045617470,795d8e66abed073ec300e3c97ddd477a827f1aa61c2f700dc99f8752a54b98a9,online_approval
financial-syn-0014,"[Web발신] [NH농협카드] 정기결제 승인 04/25 18:53 571,300원 동네마트",NH농협카드,0,https://github.com/kakao/credit-card-sms-parser/blob/master/test/test_credit_card_sms_parser.rb,true,,payment_status,financial_normal_synthetic_v2,rule_synthetic_from_reviewed_sms_patterns,generator_rule_and_source_review,2026-09-15,train,8595379636037062107,7748ec3d1b9d8ddb680468db5c30398126c9b4e40f1d062e589719f6e2012cb2,recurring_approval
financial-syn-0015,"[Web발신] NH농협카드 승인 05** 12/21 19:35 796,000원 12개월 할부 온라인서점 이용내역 https://card.nonghyup.com/",NH농협카드,0,https://github.com/kakao/credit-card-sms-parser/blob/master/test/test_credit_card_sms_parser.rb,true,,payment_status,financial_normal_synthetic_v2,rule_synthetic_from_reviewed_sms_patterns,generator_rule_and_source_review,2026-09-15,train,15649326407261685285,d92d937426f90625f93feddd3b5250964dd3dcdb51118fac54300a4233c6771e,installment_approval
financial-syn-0016,"[NH농협카드] 09/20 18:43 63** 편의점 체크카드출금 659,400원 잔액 3,256,000원",NH농협카드,0,https://github.com/kakao/credit-card-sms-parser/blob/master/test/test_credit_card_sms_parser.rb,true,,payment_status,financial_normal_synthetic_v2,rule_synthetic_from_reviewed_sms_patterns,generator_rule_and_source_review,2026-09-15,train,9949631482595252751,8a14311e36221a0fd5741e8f93d52e1a704bb6aebc475a9c950e8b949d2dbe59,check_withdrawal
financial-syn-0017,"[NH농협카드] 04/08 10:01 80** 약국 체크카드출금 22,000원 잔액 934,000원",NH농협카드,0,https://github.com/kakao/credit-card-sms-parser/blob/master/test/test_credit_card_sms_parser.rb,true,,payment_status,financial_normal_synthetic_v2,rule_synthetic_from_reviewed_sms_patterns,generator_rule_and_source_review,2026-09-15,train,5616051343019896047,4df038f0fd0e6cef09db3492432101f9e8c66bbe4614666d190802f0bca6f066,check_withdrawal
financial-syn-0018,"[KB국민카드] 04/10 11:09 73** 음식점 체크카드출금 276,500원 잔액 884,700원",KB국민카드,0,https://github.com/kakao/credit-card-sms-parser/blob/master/test/test_credit_card_sms_parser.rb,true,,payment_status,financial_normal_synthetic_v2,rule_synthetic_from_reviewed_sms_patterns,generator_rule_and_source_review,2026-09-15,train,2352070730685714926,20a43bde251d91ee40d8e4eb13965aeeebfdedbebbce5cb1dc9f3ab91a23f35c,check_withdrawal
financial-syn-0019,"[Web발신] [현대카드] 정기결제 승인 04/21 20:55 756,800원 커피전문점",현대카드,0,https://www.hyundaicard.com/upload/card/T_AOB-20260403-1734-28_%EA%B0%80%EC%9D%B4%EB%93%9C%EB%B6%81_SKT_M%20Ed3_%ED%86%B5%EC%8B%A02.0_V3_%EA%B3%B5%EC%8B%A4%EC%9A%A9.pdf,true,,payment_status,financial_normal_synthetic_v2,rule_synthetic_from_reviewed_sms_patterns,generator_rule_and_source_review,2026-09-15,train,17414525634387240,003dde6b365e9d28b5966fff6ecbb137dfe5bb64fcc8dbb1b2da3e04eb8b4ac9,recurring_approval
financial-syn-0020,"[현대카드] 정기결제 승인 05/16 15:45 661,200원 생활용품점",현대카드,0,https://www.hyundaicard.com/upload/card/T_AOB-20260403-1734-28_%EA%B0%80%EC%9D%B4%EB%93%9C%EB%B6%81_SKT_M%20Ed3_%ED%86%B5%EC%8B%A02.0_V3_%EA%B3%B5%EC%8B%A4%EC%9A%A9.pdf,true,,payment_status,financial_normal_synthetic_v2,rule_synthetic_from_reviewed_sms_patterns,generator_rule_and_source_review,2026-09-15,train,6970692016585013088,60bcdf74ef3377600c685afb25e9b1492f3bf0f2f1c9328b64bf89fee12407d1,recurring_approval
financial-syn-0021,[Web발신] 하나카드 해외승인 94** 11/24 06:42 US$362.78 해외가맹점,하나카드,0,https://www.hanacard.co.kr/contents/popup/club_sk/enclean/OPY15000000M.web?mID=OPY15000000M&schID=pcd,true,,payment_status,financial_normal_synthetic_v2,rule_synthetic_from_reviewed_sms_patterns,generator_rule_and_source_review,2026-09-15,train,14506080691524959911,c94ff3884d7f7ea7479f2cc474bbb4986d51bc3a25dacd4d70066c462869ca67,overseas_approval
financial-syn-0022,"NH농협카드 온라인승인 06** 11/01 11:04 714,500원 생활용품점",NH농협카드,0,https://github.com/kakao/credit-card-sms-parser/blob/master/test/test_credit_card_sms_parser.rb,true,,payment_status,financial_normal_synthetic_v2,rule_synthetic_from_reviewed_sms_patterns,generator_rule_and_source_review,2026-09-15,train,17491194893885267559,f2bd35156b285e678744e0bddfbdc9cec4e4e85cff73cac7c0b43bf10d694695,online_approval
financial-syn-0023,"[Web발신] BC카드 승인 31** 02/03 23:25 601,200원 3개월 할부 동네마트",BC카드,0,https://www.bccard.com/app/card/ContentsLinkActn.do?pgm_id=ind1074,true,,payment_status,financial_normal_synthetic_v2,rule_synthetic_from_reviewed_sms_patterns,generator_rule_and_source_review,2026-09-15,train,12060239282164965214,a75e93baafa79f5eabaeb5f86dc7b29491f24fcca97378d8e96e881147b75e7b,installment_approval
financial-syn-0024,"[현대카드] 후불교통 이용금액 810,000원 처리 완료 01/28 이용내역 https://www.hyundaicard.com/",현대카드,0,https://www.hyundaicard.com/upload/card/T_AOB-20260403-1734-28_%EA%B0%80%EC%9D%B4%EB%93%9C%EB%B6%81_SKT_M%20Ed3_%ED%86%B5%EC%8B%A02.0_V3_%EA%B3%B5%EC%8B%A4%EC%9A%A9.pdf,true,,payment_status,financial_normal_synthetic_v2,rule_synthetic_from_reviewed_sms_patterns,generator_rule_and_source_review,2026-09-15,train,10565814293992689894,92a1501ecc2dd0e6cf67edea36da6a2c4f1bb0a6ce3d253996a161a520bf07ec,transit_payment
financial-syn-0025,"[Web발신] [현대카드]-승인 04** 05/06 23:32 869,900원 동네마트 누적 2,159,100원",현대카드,0,https://www.hyundaicard.com/upload/card/T_AOB-20260403-1734-28_%EA%B0%80%EC%9D%B4%EB%93%9C%EB%B6%81_SKT_M%20Ed3_%ED%86%B5%EC%8B%A02.0_V3_%EA%B3%B5%EC%8B%A4%EC%9A%A9.pdf,true,,payment_status,financial_normal_synthetic_v2,rule_synthetic_from_reviewed_sms_patterns,generator_rule_and_source_review,2026-09-15,train,5369575956469442070,4a8490e217d6e61619eeb5f001a520f145c74ab54f52dcadf453bedaf69ce57c,approval_with_total
financial-syn-0026,"[롯데카드] 06/22 20:26 33** 생활용품점 체크카드출금 77,100원 잔액 219,700원",롯데카드,0,https://www.lottecard.co.kr/app/LPBNFBD_V500.lc,true,,payment_status,financial_normal_synthetic_v2,rule_synthetic_from_reviewed_sms_patterns,generator_rule_and_source_review,2026-09-15,train,419255987381653409,05d17f1965d6cfa10916f9b58241ca5e57cd5224f58c70b9ce2d8cc4373bb795,check_withdrawal
financial-syn-0027,"[BC카드] 카드 결제대금 891,300원 입금 처리가 완료되었습니다. 11/08 20:57",BC카드,0,https://www.bccard.com/app/card/ContentsLinkActn.do?pgm_id=ind1074,true,,payment_status,financial_normal_synthetic_v2,rule_synthetic_from_reviewed_sms_patterns,generator_rule_and_source_review,2026-09-15,train,17753737362442442848,f661f2115bf65860c8a0d14b39d454352ee317abae00b521e66fe616f2e203a2,payment_deposit_completed
financial-syn-0028,"[Web발신] BC카드 온라인승인 00** 06/01 05:09 480,300원 대중교통",BC카드,0,https://www.bccard.com/app/card/ContentsLinkActn.do?pgm_id=ind1074,true,,payment_status,financial_normal_synthetic_v2,rule_synthetic_from_reviewed_sms_patterns,generator_rule_and_source_review,2026-09-15,train,15524757844917126376,d77305019a3e84e873649ea4511248adb6629f58bb3cbadb28813931ea325c15,online_approval
financial-syn-0029,"BC카드 87** 승인 08/20 22:25 379,700원 동네마트 일시불",BC카드,0,https://www.bccard.com/app/card/ContentsLinkActn.do?pgm_id=ind1074,true,,payment_status,financial_normal_synthetic_v2,rule_synthetic_from_reviewed_sms_patterns,generator_rule_and_source_review,2026-09-15,train,2782710180672095236,269e2c2a77d2c4047b100ea49ce994ba669a4663bde03870d8c44005d7e51c7f,domestic_approval
financial-syn-0030,"현대카드 06** 승인거절 03/24 07:32 548,500원 생활용품점",현대카드,0,https://www.hyundaicard.com/upload/card/T_AOB-20260403-1734-28_%EA%B0%80%EC%9D%B4%EB%93%9C%EB%B6%81_SKT_M%20Ed3_%ED%86%B5%EC%8B%A02.0_V3_%EA%B3%B5%EC%8B%A4%EC%9A%A9.pdf,true,,payment_status,financial_normal_synthetic_v2,rule_synthetic_from_reviewed_sms_patterns,generator_rule_and_source_review,2026-09-15,train,9709429089650322234,86bed2507473ab3a94ea009ee81106b20cc53de69e40aca2474fd2732088efb3,approval_declined
financial-syn-0031,"[Web발신] [현대카드]-승인 46** 03/01 13:50 239,600원 온라인쇼핑 누적 308,100원",현대카드,0,https://www.hyundaicard.com/upload/card/T_AOB-20260403-1734-28_%EA%B0%80%EC%9D%B4%EB%93%9C%EB%B6%81_SKT_M%20Ed3_%ED%86%B5%EC%8B%A02.0_V3_%EA%B3%B5%EC%8B%A4%EC%9A%A9.pdf,true,,payment_status,financial_normal_synthetic_v2,rule_synthetic_from_reviewed_sms_patterns,generator_rule_and_source_review,2026-09-15,train,5080319145488433174,4680eb589c7440167b3cba04cf34ca3a182d84630068915d8dc129e2c92cc613,approval_with_total
financial-syn-0032,"[Web발신] [현대카드] 정기결제 승인 08/01 02:09 91,200원 통신요금",현대카드,0,https://www.hyundaicard.com/upload/card/T_AOB-20260403-1734-28_%EA%B0%80%EC%9D%B4%EB%93%9C%EB%B6%81_SKT_M%20Ed3_%ED%86%B5%EC%8B%A02.0_V3_%EA%B3%B5%EC%8B%A4%EC%9A%A9.pdf,true,,payment_status,financial_normal_synthetic_v2,rule_synthetic_from_reviewed_sms_patterns,generator_rule_and_source_review,2026-09-15,train,11847747626147609400,a46ba7b1a5017b38cc6f9a6f70ad450b50aaa24dd78d93110ea25626e69b0078,recurring_approval
financial-syn-0033,"[KB국민카드] 08/18 02:22 02** 편의점 체크카드출금 755,900원 잔액 3,240,100원",KB국민카드,0,https://github.com/kakao/credit-card-sms-parser/blob/master/test/test_credit_card_sms_parser.rb,true,,payment_status,financial_normal_synthetic_v2,rule_synthetic_from_reviewed_sms_patterns,generator_rule_and_source_review,2026-09-15,train,15679420891096024094,d9987e3a319e041e5e0158477259bc6f413421bf349af957940ffd56c8af1c67,check_withdrawal
financial-syn-0034,"[Web발신] 현대카드 80** 승인거절 08/03 08:51 422,800원 통신요금",현대카드,0,https://www.hyundaicard.com/upload/card/T_AOB-20260403-1734-28_%EA%B0%80%EC%9D%B4%EB%93%9C%EB%B6%81_SKT_M%20Ed3_%ED%86%B5%EC%8B%A02.0_V3_%EA%B3%B5%EC%8B%A4%EC%9A%A9.pdf,true,,payment_status,financial_normal_synthetic_v2,rule_synthetic_from_reviewed_sms_patterns,generator_rule_and_source_review,2026-09-15,train,9194074647265088562,7f97ea2deca91432ac5b64f3ab3e90a614c2afd367ecbcdbd9a4566956382a54,approval_declined
financial-syn-0035,"KB국민카드 승인 85** 02/19 19:16 645,200원 10개월 할부 통신요금",KB국민카드,0,https://github.com/kakao/credit-card-sms-parser/blob/master/test/test_credit_card_sms_parser.rb,true,,payment_status,financial_normal_synthetic_v2,rule_synthetic_from_reviewed_sms_patterns,generator_rule_and_source_review,2026-09-15,train,13888577108571486236,c0be234ba006781c29b0b4ebd5b08d92cb15fca9e0e37eee0484d8467016fe78,installment_approval
financial-syn-0036,"NH농협카드 온라인승인 28** 03/20 18:55 610,800원 커피전문점",NH농협카드,0,https://github.com/kakao/credit-card-sms-parser/blob/master/test/test_credit_card_sms_parser.rb,true,,payment_status,financial_normal_synthetic_v2,rule_synthetic_from_reviewed_sms_patterns,generator_rule_and_source_review,2026-09-15,train,1174705630558553775,104d648c111806af0de5a3cc6d1a54cea23077c1bdcc038e73471b4c0a32eaf9,online_approval
financial-syn-0037,[Web발신] KB국민카드 해외승인 75** 04/27 05:00 US$342.42 해외가맹점,KB국민카드,0,https://github.com/kakao/credit-card-sms-parser/blob/master/test/test_credit_card_sms_parser.rb,true,,payment_status,financial_normal_synthetic_v2,rule_synthetic_from_reviewed_sms_patterns,generator_rule_and_source_review,2026-09-15,train,5086409672652791216,46968ea5f8949db05117a388da7ef3657be000f2f5819ebd82496c3fc5974fcd,overseas_approval
financial-syn-0038,"KB국민카드 82** 승인 11/20 18:38 631,400원 커피전문점 일시불",KB국민카드,0,https://github.com/kakao/credit-card-sms-parser/blob/master/test/test_credit_card_sms_parser.rb,true,,payment_status,financial_normal_synthetic_v2,rule_synthetic_from_reviewed_sms_patterns,generator_rule_and_source_review,2026-09-15,train,1724530825150730354,17eec3a605521072f67e6a9477c8607bce5b61df49094fdba435b1758bd13baf,domestic_approval
financial-syn-0039,"하나카드 승인 15** 05/28 00:37 631,300원 10개월 할부 음식점",하나카드,0,https://www.hanacard.co.kr/contents/popup/club_sk/enclean/OPY15000000M.web?mID=OPY15000000M&schID=pcd,true,,payment_status,financial_normal_synthetic_v2,rule_synthetic_from_reviewed_sms_patterns,generator_rule_and_source_review,2026-09-15,train,16316558997628056163,e2700ff5a252f26311bc32ec96ae2dd5e75ef62db38af6c510bc2ef21d4a323a,installment_approval
financial-syn-0040,"BC카드 온라인승인 01** 07/15 01:37 191,900원 커피전문점",BC카드,0,https://www.bccard.com/app/card/ContentsLinkActn.do?pgm_id=ind1074,true,,payment_status,financial_normal_synthetic_v2,rule_synthetic_from_reviewed_sms_patterns,generator_rule_and_source_review,2026-09-15,train,3498503791944542512,308d2ea9b436293040896e8a2544ba838af5bdba54f74c238849fb381cbea2a0,online_approval
financial-syn-0041,"[Web발신] NH농협카드 81** 승인 03/14 15:59 871,100원 생활용품점 일시불",NH농협카드,0,https://github.com/kakao/credit-card-sms-parser/blob/master/test/test_credit_card_sms_parser.rb,true,,payment_status,financial_normal_synthetic_v2,rule_synthetic_from_reviewed_sms_patterns,generator_rule_and_source_review,2026-09-15,train,11373636463025175075,9dd7461a5f0bba23c356c3e9568b4d3ed252410fd2d61575a5af1586c4a0bfb9,domestic_approval
financial-syn-0042,"[BC카드] 온라인쇼핑 130,900원 매출취소가 처리되었습니다. 10/09 09:48",BC카드,0,https://www.bccard.com/app/card/ContentsLinkActn.do?pgm_id=ind1074,true,,payment_status,financial_normal_synthetic_v2,rule_synthetic_from_reviewed_sms_patterns,generator_rule_and_source_review,2026-09-15,train,14101840388496414628,c3b3cd1e5b95d7a4eb76968ead5cb9674d832093e9cb335a3b0932927ee7d761,sale_cancelled
financial-syn-0043,"[Web발신] [롯데카드]-승인 89** 06/19 18:08 365,400원 커피전문점 누적 1,233,300원",롯데카드,0,https://www.lottecard.co.kr/app/LPBNFBD_V500.lc,true,,payment_status,financial_normal_synthetic_v2,rule_synthetic_from_reviewed_sms_patterns,generator_rule_and_source_review,2026-09-15,train,9391299248088916139,825498e8adbba0ab8bfc5008abd69f499e476e55d9746af9cfa1624360b92d79,approval_with_total
financial-syn-0044,"[Web발신] 롯데카드 47** 승인취소 08/20 12:25 446,900원 음식점 취소 완료",롯데카드,0,https://www.lottecard.co.kr/app/LPBNFBD_V500.lc,true,,payment_status,financial_normal_synthetic_v2,rule_synthetic_from_reviewed_sms_patterns,generator_rule_and_source_review,2026-09-15,train,13708180772718835631,be3d3dc8a2bef7af38e0b5ee33a5304ae49c26b9c7a76decaf58d8ef57a99bb5,approval_cancelled
financial-syn-0045,"[Web발신] 현대카드 온라인승인 26** 11/20 05:29 568,800원 통신요금 이용내역 https://www.hyundaicard.com/",현대카드,0,https://www.hyundaicard.com/upload/card/T_AOB-20260403-1734-28_%EA%B0%80%EC%9D%B4%EB%93%9C%EB%B6%81_SKT_M%20Ed3_%ED%86%B5%EC%8B%A02.0_V3_%EA%B3%B5%EC%8B%A4%EC%9A%A9.pdf,true,,payment_status,financial_normal_synthetic_v2,rule_synthetic_from_reviewed_sms_patterns,generator_rule_and_source_review,2026-09-15,train,6181742799719439732,55c9f652f61b1d74a4d0e531a1d5ff2de0afe4f44ba5487a610bea5dcf2e4b5d,online_approval
financial-syn-0046,"[Web발신] BC카드 온라인승인 45** 08/28 03:38 341,100원 온라인쇼핑",BC카드,0,https://www.bccard.com/app/card/ContentsLinkActn.do?pgm_id=ind1074,true,,payment_status,financial_normal_synthetic_v2,rule_synthetic_from_reviewed_sms_patterns,generator_rule_and_source_review,2026-09-15,train,4949797669306549312,44b136c14d12c440fea0d2e91849b58c15215fa7c588762c486810ef78871b0d,online_approval
financial-syn-0047,"[Web발신] BC카드 15** 승인취소 03/14 15:52 145,900원 커피전문점 취소 완료",BC카드,0,https://www.bccard.com/app/card/ContentsLinkActn.do?pgm_id=ind1074,true,,payment_status,financial_normal_synthetic_v2,rule_synthetic_from_reviewed_sms_patterns,generator_rule_and_source_review,2026-09-15,train,10344158245922800774,8f8dd51e74a80486ddc954760f804ed138e20a1bb51a3bca1e7ff8c3a783eed5,approval_cancelled
financial-syn-0048,"[Web발신] [BC카드] 정기결제 승인 07/03 01:45 887,200원 약국",BC카드,0,https://www.bccard.com/app/card/ContentsLinkActn.do?pgm_id=ind1074,true,,payment_status,financial_normal_synthetic_v2,rule_synthetic_from_reviewed_sms_patterns,generator_rule_and_source_review,2026-09-15,train,11705758088658617644,a27334f63d27052c198673b79aa95b2f00f35b8f134c6fbf4ba841e4fbc87d2c,recurring_approval
financial-syn-0049,"[Web발신] 하나카드 81** 승인취소 02/23 12:43 444,500원 온라인쇼핑 취소 완료",하나카드,0,https://www.hanacard.co.kr/contents/popup/club_sk/enclean/OPY15000000M.web?mID=OPY15000000M&schID=pcd,true,,payment_status,financial_normal_synthetic_v2,rule_synthetic_from_reviewed_sms_patterns,generator_rule_and_source_review,2026-09-15,train,13484931279749193115,bb24198d7e011d9b8f652f791cdb4b01908706454f8337706231ca234ed18ae1,approval_cancelled
financial-syn-0050,"[하나카드]-승인 59** 02/23 02:41 552,800원 보험료 누적 954,800원",하나카드,0,https://www.hanacard.co.kr/contents/popup/club_sk/enclean/OPY15000000M.web?mID=OPY15000000M&schID=pcd,true,,payment_status,financial_normal_synthetic_v2,rule_synthetic_from_reviewed_sms_patterns,generator_rule_and_source_review,2026-09-15,train,2396407739893886527,2141c024895f2e3ffe6e3ad3428980a72ee88dd41a1c029d84b7111759f36483,approval_with_total
financial-syn-0051,"[Web발신] [BC카드] 카드 결제대금 699,800원 입금 처리가 완료되었습니다. 05/26 11:54",BC카드,0,https://www.bccard.com/app/card/ContentsLinkActn.do?pgm_id=ind1074,true,,payment_status,financial_normal_synthetic_v2,rule_synthetic_from_reviewed_sms_patterns,generator_rule_and_source_review,2026-09-15,train,8337163694716671976,73b38e3549ded7e83618993c3872f61bfcfe9ba4a78b9140f4f78db81a018ac2,payment_deposit_completed
financial-syn-0052,"[Web발신] NH농협카드 온라인승인 81** 09/08 12:52 313,900원 동네마트",NH농협카드,0,https://github.com/kakao/credit-card-sms-parser/blob/master/test/test_credit_card_sms_parser.rb,true,,payment_status,financial_normal_synthetic_v2,rule_synthetic_from_reviewed_sms_patterns,generator_rule_and_source_review,2026-09-15,train,12804153393001671903,b1b17dabef7a2cdffb8e54a1bf571af46f5303938c30ee65c24b0200ef55ef27,online_approval
financial-syn-0053,"[Web발신] [하나카드] 07/09 14:30 50** 통신요금 체크카드출금 134,200원 잔액 3,122,500원",하나카드,0,https://www.hanacard.co.kr/contents/popup/club_sk/enclean/OPY15000000M.web?mID=OPY15000000M&schID=pcd,true,,payment_status,financial_normal_synthetic_v2,rule_synthetic_from_reviewed_sms_patterns,generator_rule_and_source_review,2026-09-15,train,14546594940316476781,c9dfe306ed0ee56da090a82415cc235c014981dec038a03e54b2d08418c5bf6c,check_withdrawal
financial-syn-0054,"하나카드 온라인승인 67** 12/25 21:07 592,000원 대중교통",하나카드,0,https://www.hanacard.co.kr/contents/popup/club_sk/enclean/OPY15000000M.web?mID=OPY15000000M&schID=pcd,true,,payment_status,financial_normal_synthetic_v2,rule_synthetic_from_reviewed_sms_patterns,generator_rule_and_source_review,2026-09-15,train,15698581105872876445,d9dc90575536339df8a1108016b73520a2ec11fbf93462710e91288a6f866656,online_approval
financial-syn-0055,"BC카드 온라인승인 44** 02/17 02:09 59,200원 온라인서점",BC카드,0,https://www.bccard.com/app/card/ContentsLinkActn.do?pgm_id=ind1074,true,,payment_status,financial_normal_synthetic_v2,rule_synthetic_from_reviewed_sms_patterns,generator_rule_and_source_review,2026-09-15,train,16200403465718339968,e0d3651e60261980ef9012dd32867b7eea054bc56e57037f9d18c649b4a483af,online_approval
financial-syn-0056,"BC카드 승인 67** 07/22 10:01 669,900원 3개월 할부 온라인서점",BC카드,0,https://www.bccard.com/app/card/ContentsLinkActn.do?pgm_id=ind1074,true,,payment_status,financial_normal_synthetic_v2,rule_synthetic_from_reviewed_sms_patterns,generator_rule_and_source_review,2026-09-15,train,10316906575360870654,8f2d03de7546c8fe0f08716366013709d633204eb270633a351dc87d8fc5e9cf,installment_approval
financial-syn-0057,"[Web발신] [BC카드] 카드 결제대금 802,400원 입금 처리가 완료되었습니다. 03/20 06:39",BC카드,0,https://www.bccard.com/app/card/ContentsLinkActn.do?pgm_id=ind1074,true,,payment_status,financial_normal_synthetic_v2,rule_synthetic_from_reviewed_sms_patterns,generator_rule_and_source_review,2026-09-15,train,5194032945173655904,4814e971c8c071607e3f6b802da800a12365cc43a3c3b2fe76c311aeaa1e9417,payment_deposit_completed
financial-syn-0058,"[Web발신] [현대카드] 12/19 05:38 69** 커피전문점 체크카드출금 264,000원 잔액 314,100원",현대카드,0,https://www.hyundaicard.com/upload/card/T_AOB-20260403-1734-28_%EA%B0%80%EC%9D%B4%EB%93%9C%EB%B6%81_SKT_M%20Ed3_%ED%86%B5%EC%8B%A02.0_V3_%EA%B3%B5%EC%8B%A4%EC%9A%A9.pdf,true,,payment_status,financial_normal_synthetic_v2,rule_synthetic_from_reviewed_sms_patterns,generator_rule_and_source_review,2026-09-15,train,14754054322795727532,ccc0ee3c7b0e4aac88f6c10c1795ca838f9721cfb31c71229c3c1238ed3c29d5,check_withdrawal
financial-syn-0059,"[KB국민카드] 후불교통 이용금액 206,800원 처리 완료 02/28",KB국민카드,0,https://github.com/kakao/credit-card-sms-parser/blob/master/test/test_credit_card_sms_parser.rb,true,,payment_status,financial_normal_synthetic_v2,rule_synthetic_from_reviewed_sms_patterns,generator_rule_and_source_review,2026-09-15,train,6790652706076627592,5e3d3ea862be12887b0614408695183daa9f944bb2f6e0d1a85a1cb7ed284c70,transit_payment
financial-syn-0060,"[NH농협카드] 정기결제 승인 09/06 11:50 811,700원 동네마트",NH농협카드,0,https://github.com/kakao/credit-card-sms-parser/blob/master/test/test_credit_card_sms_parser.rb,true,,payment_status,financial_normal_synthetic_v2,rule_synthetic_from_reviewed_sms_patterns,generator_rule_and_source_review,2026-09-15,train,11397613774901304939,9e2c755754175e6ba00b93a6c529f2f648381efa24130ff7b679ce0561427176,recurring_approval
financial-syn-0061,"[롯데카드] 정기결제 승인 08/24 05:02 65,100원 통신요금",롯데카드,0,https://www.lottecard.co.kr/app/LPBNFBD_V500.lc,true,,payment_status,financial_normal_synthetic_v2,rule_synthetic_from_reviewed_sms_patterns,generator_rule_and_source_review,2026-09-15,train,17274528510622186157,efbb7427f1fe3aad917fc557d81e137dcea37786bfaac582b939f36b15093a32,recurring_approval
financial-syn-0062,"[BC카드]-승인 44** 11/27 09:57 694,400원 보험료 누적 3,268,800원",BC카드,0,https://www.bccard.com/app/card/ContentsLinkActn.do?pgm_id=ind1074,true,,payment_status,financial_normal_synthetic_v2,rule_synthetic_from_reviewed_sms_patterns,generator_rule_and_source_review,2026-09-15,train,6175375216104259522,55b3570a5ea53fc25bc062ebdac02e3af45ea441188f2772b07f47b83643c408,approval_with_total
financial-syn-0063,"[하나카드] 카드 결제대금 521,800원 입금 처리가 완료되었습니다. 04/04 12:01",하나카드,0,https://www.hanacard.co.kr/contents/popup/club_sk/enclean/OPY15000000M.web?mID=OPY15000000M&schID=pcd,true,,payment_status,financial_normal_synthetic_v2,rule_synthetic_from_reviewed_sms_patterns,generator_rule_and_source_review,2026-09-15,train,11189412178495737325,9b48c717a0ab0ded4e3c6a124b5c2252e796f613d19acca7b5d4119521c006a7,payment_deposit_completed
financial-syn-0064,"BC카드 81** 승인거절 08/06 02:46 445,700원 보험료",BC카드,0,https://www.bccard.com/app/card/ContentsLinkActn.do?pgm_id=ind1074,true,,payment_status,financial_normal_synthetic_v2,rule_synthetic_from_reviewed_sms_patterns,generator_rule_and_source_review,2026-09-15,train,18389893032296107054,ff3606476f70cc2e9b625bd286d1a46f0608c2c6e9d62abcf1c4037214311318,approval_declined
financial-syn-0065,"[Web발신] KB국민카드 승인 53** 04/27 10:32 724,900원 6개월 할부 주유소",KB국민카드,0,https://github.com/kakao/credit-card-sms-parser/blob/master/test/test_credit_card_sms_parser.rb,true,,payment_status,financial_normal_synthetic_v2,rule_synthetic_from_reviewed_sms_patterns,generator_rule_and_source_review,2026-09-15,train,3168320692490345636,2bf822e222681ca45b0c26ad301cfbb2d009e2aac07546f83815599b630612d1,installment_approval
financial-syn-0066,[Web발신] 하나카드 해외승인 89** 04/11 01:50 US$312.72 해외가맹점,하나카드,0,https://www.hanacard.co.kr/contents/popup/club_sk/enclean/OPY15000000M.web?mID=OPY15000000M&schID=pcd,true,,payment_status,financial_normal_synthetic_v2,rule_synthetic_from_reviewed_sms_patterns,generator_rule_and_source_review,2026-09-15,train,10445776898472712543,90f6dabebc72995fbf347082339c747fc9d6a2ecca0bbb6bb6bbe34a1e384ab1,overseas_approval
financial-syn-0067,"[Web발신] [하나카드]-승인 98** 03/03 16:05 861,400원 약국 누적 1,195,000원",하나카드,0,https://www.hanacard.co.kr/contents/popup/club_sk/enclean/OPY15000000M.web?mID=OPY15000000M&schID=pcd,true,,payment_status,financial_normal_synthetic_v2,rule_synthetic_from_reviewed_sms_patterns,generator_rule_and_source_review,2026-09-15,train,11319445840583296375,9d16c004de3d8577efbbeac952037c7019d25d3d935a1c8064432ba8972e0ad2,approval_with_total
financial-syn-0068,"하나카드 37** 승인거절 05/22 19:32 725,100원 편의점",하나카드,0,https://www.hanacard.co.kr/contents/popup/club_sk/enclean/OPY15000000M.web?mID=OPY15000000M&schID=pcd,true,,payment_status,financial_normal_synthetic_v2,rule_synthetic_from_reviewed_sms_patterns,generator_rule_and_source_review,2026-09-15,train,17844235665973441915,f7a375cb9eb3f57b2c55619868e66f5f777a024f8c629f632ea791334d6d649d,approval_declined
financial-syn-0069,"[롯데카드] 편의점 811,900원 매출취소가 처리되었습니다. 08/10 13:43",롯데카드,0,https://www.lottecard.co.kr/app/LPBNFBD_V500.lc,true,,payment_status,financial_normal_synthetic_v2,rule_synthetic_from_reviewed_sms_patterns,generator_rule_and_source_review,2026-09-15,train,13814574943185663005,bfb73ab7d397f41d4dc02be74a4dd7de85308388d3fe55583542cf9ccfcdbb48,sale_cancelled
financial-syn-0070,"[하나카드]-승인 58** 03/02 05:42 802,600원 음식점 누적 2,674,500원",하나카드,0,https://www.hanacard.co.kr/contents/popup/club_sk/enclean/OPY15000000M.web?mID=OPY15000000M&schID=pcd,true,,payment_status,financial_normal_synthetic_v2,rule_synthetic_from_reviewed_sms_patterns,generator_rule_and_source_review,2026-09-15,train,15692151902487219727,d9c5b903c5388e0f5855fe0a42693f38e884e957fbbbd969207278771826461b,approval_with_total
financial-syn-0071,"[현대카드] 정기결제 승인 05/26 17:48 842,100원 커피전문점",현대카드,0,https://www.hyundaicard.com/upload/card/T_AOB-20260403-1734-28_%EA%B0%80%EC%9D%B4%EB%93%9C%EB%B6%81_SKT_M%20Ed3_%ED%86%B5%EC%8B%A02.0_V3_%EA%B3%B5%EC%8B%A4%EC%9A%A9.pdf,true,,payment_status,financial_normal_synthetic_v2,rule_synthetic_from_reviewed_sms_patterns,generator_rule_and_source_review,2026-09-15,train,11610730503157176552,a12199e05779d8e88ded6eb079965e0a7c31ec788a14924842d12328aa4c722b,recurring_approval
financial-syn-0072,[Web발신] BC카드 해외승인 96** 10/05 14:14 US$210.01 해외가맹점,BC카드,0,https://www.bccard.com/app/card/ContentsLinkActn.do?pgm_id=ind1074,true,,payment_status,financial_normal_synthetic_v2,rule_synthetic_from_reviewed_sms_patterns,generator_rule_and_source_review,2026-09-15,train,6422500969662685210,59214e9aa258a01ab872278eaf95ef5adaee7d057efbdbcb0da1c28fdf7e9c62,overseas_approval
financial-syn-0073,"[KB국민카드] 정기결제 승인 12/18 23:08 94,200원 편의점",KB국민카드,0,https://github.com/kakao/credit-card-sms-parser/blob/master/test/test_credit_card_sms_parser.rb,true,,payment_status,financial_normal_synthetic_v2,rule_synthetic_from_reviewed_sms_patterns,generator_rule_and_source_review,2026-09-15,train,3626969852712887186,325595dd5200a3928ec47025a65fdc46a49dd42dc0081ea6ef9d95c41b94074f,recurring_approval
financial-syn-0074,"NH농협카드 90** 승인취소 11/11 07:21 281,700원 온라인쇼핑 취소 완료",NH농협카드,0,https://github.com/kakao/credit-card-sms-parser/blob/master/test/test_credit_card_sms_parser.rb,true,,payment_status,financial_normal_synthetic_v2,rule_synthetic_from_reviewed_sms_patterns,generator_rule_and_source_review,2026-09-15,train,9137883369645169437,7ed0488296a65b1db7bd7c8bc7f39ea898eab5203e522060c768745dbeb40074,approval_cancelled
financial-syn-0075,"[Web발신] BC카드 60** 승인 09/27 05:57 673,800원 온라인쇼핑 일시불",BC카드,0,https://www.bccard.com/app/card/ContentsLinkActn.do?pgm_id=ind1074,true,,payment_status,financial_normal_synthetic_v2,rule_synthetic_from_reviewed_sms_patterns,generator_rule_and_source_review,2026-09-15,train,18441302663370767260,ffecab10edadfb9cf00ee864406686b378c86e1ce00190f7a337551dcdaa304d,domestic_approval
financial-syn-0076,"[NH농협카드] 05/28 23:12 20** 생활용품점 체크카드출금 94,500원 잔액 2,318,000원",NH농협카드,0,https://github.com/kakao/credit-card-sms-parser/blob/master/test/test_credit_card_sms_parser.rb,true,,payment_status,financial_normal_synthetic_v2,rule_synthetic_from_reviewed_sms_patterns,generator_rule_and_source_review,2026-09-15,train,17057355201966774399,ecb7e62eb4e4187feff193bcb89c0af38175db173f71df82625eafd70e7a37d2,check_withdrawal
financial-syn-0077,"[하나카드]-승인 84** 11/19 10:47 474,400원 대중교통 누적 1,663,900원",하나카드,0,https://www.hanacard.co.kr/contents/popup/club_sk/enclean/OPY15000000M.web?mID=OPY15000000M&schID=pcd,true,,payment_status,financial_normal_synthetic_v2,rule_synthetic_from_reviewed_sms_patterns,generator_rule_and_source_review,2026-09-15,train,7493530783396550191,67fe5e8b89ce562ff1facb07749b8a3b2dab3a97bf2647b312d6c2769c6224fb,approval_with_total
financial-syn-0078,"[KB국민카드] 06/22 03:10 17** 편의점 체크카드출금 283,100원 잔액 1,686,300원",KB국민카드,0,https://github.com/kakao/credit-card-sms-parser/blob/master/test/test_credit_card_sms_parser.rb,true,,payment_status,financial_normal_synthetic_v2,rule_synthetic_from_reviewed_sms_patterns,generator_rule_and_source_review,2026-09-15,train,10690707375051700622,945d05b73f9af98ec231cd759477b8815964f56cf9b7db2c181422f1ff3f4c79,check_withdrawal
financial-syn-0079,"KB국민카드 승인 38** 11/03 00:58 791,400원 5개월 할부 온라인쇼핑",KB국민카드,0,https://github.com/kakao/credit-card-sms-parser/blob/master/test/test_credit_card_sms_parser.rb,true,,payment_status,financial_normal_synthetic_v2,rule_synthetic_from_reviewed_sms_patterns,generator_rule_and_source_review,2026-09-15,train,10278842023371135860,8ea5c85c5164db745d4b3ce0ffe93b160c805e165e08d280a95cb56dded4fc49,installment_approval
financial-syn-0080,"[현대카드] 정기결제 승인 11/26 01:55 537,700원 약국",현대카드,0,https://www.hyundaicard.com/upload/card/T_AOB-20260403-1734-28_%EA%B0%80%EC%9D%B4%EB%93%9C%EB%B6%81_SKT_M%20Ed3_%ED%86%B5%EC%8B%A02.0_V3_%EA%B3%B5%EC%8B%A4%EC%9A%A9.pdf,true,,payment_status,financial_normal_synthetic_v2,rule_synthetic_from_reviewed_sms_patterns,generator_rule_and_source_review,2026-09-15,train,7742695062298412352,6b739422f877c5402c04f5d836240ed059af94f9082273d0d3223b1ec36be340,recurring_approval
financial-syn-0081,"[Web발신] 하나카드 승인 29** 09/04 11:41 385,600원 3개월 할부 약국",하나카드,0,https://www.hanacard.co.kr/contents/popup/club_sk/enclean/OPY15000000M.web?mID=OPY15000000M&schID=pcd,true,,payment_status,financial_normal_synthetic_v2,rule_synthetic_from_reviewed_sms_patterns,generator_rule_and_source_review,2026-09-15,train,1046939890009648867,0e877a4875362ee375cd43393e2c2fccbb6a7e7349f87693451d4ed416c93e23,installment_approval
financial-syn-0082,[Web발신] 롯데카드 해외승인 66** 05/14 02:15 US$577.51 해외가맹점,롯데카드,0,https://www.lottecard.co.kr/app/LPBNFBD_V500.lc,true,,payment_status,financial_normal_synthetic_v2,rule_synthetic_from_reviewed_sms_patterns,generator_rule_and_source_review,2026-09-15,train,15607671231446843579,d899964ac17900bb489636961969c12a0d56cf72f5e2ef45089606725b43cd60,overseas_approval
financial-syn-0083,"[Web발신] [NH농협카드] 카드 결제대금 80,100원 입금 처리가 완료되었습니다. 10/08 14:14 이용내역 https://card.nonghyup.com/",NH농협카드,0,https://github.com/kakao/credit-card-sms-parser/blob/master/test/test_credit_card_sms_parser.rb,true,,payment_status,financial_normal_synthetic_v2,rule_synthetic_from_reviewed_sms_patterns,generator_rule_and_source_review,2026-09-15,train,12737542478640874767,b0c4d765ded6850f21081a60d62469ff4bd4d02ff969a980251839dac92c2acd,payment_deposit_completed
financial-syn-0084,"[Web발신] 롯데카드 승인 01** 06/19 18:19 120,900원 12개월 할부 생활용품점",롯데카드,0,https://www.lottecard.co.kr/app/LPBNFBD_V500.lc,true,,payment_status,financial_normal_synthetic_v2,rule_synthetic_from_reviewed_sms_patterns,generator_rule_and_source_review,2026-09-15,train,5890802759913744407,51c055e63a8ca8177f8de8bb77b87d88ccd5592472241e25a89f45907c707c75,installment_approval
financial-syn-0085,"[Web발신] [하나카드] 카드 결제대금 385,400원 입금 처리가 완료되었습니다. 02/11 14:31",하나카드,0,https://www.hanacard.co.kr/contents/popup/club_sk/enclean/OPY15000000M.web?mID=OPY15000000M&schID=pcd,true,,payment_status,financial_normal_synthetic_v2,rule_synthetic_from_reviewed_sms_patterns,generator_rule_and_source_review,2026-09-15,train,7744220712446453773,6b78ffb51397e80d61c65b66f6b3fb246f4eb6a9d8bd93b416587c5d01402f40,payment_deposit_completed
financial-syn-0086,"[Web발신] [현대카드] 후불교통 이용금액 408,300원 처리 완료 07/19 이용내역 https://www.hyundaicard.com/",현대카드,0,https://www.hyundaicard.com/upload/card/T_AOB-20260403-1734-28_%EA%B0%80%EC%9D%B4%EB%93%9C%EB%B6%81_SKT_M%20Ed3_%ED%86%B5%EC%8B%A02.0_V3_%EA%B3%B5%EC%8B%A4%EC%9A%A9.pdf,true,,payment_status,financial_normal_synthetic_v2,rule_synthetic_from_reviewed_sms_patterns,generator_rule_and_source_review,2026-09-15,train,4148652113613596934,3992f91de89ca9065299b578cd679413ad5cea01afc54bb642390fdae56df6d9,transit_payment
financial-syn-0087,"[Web발신] [현대카드] 11/01 01:22 20** 온라인쇼핑 체크카드출금 327,500원 잔액 1,509,700원",현대카드,0,https://www.hyundaicard.com/upload/card/T_AOB-20260403-1734-28_%EA%B0%80%EC%9D%B4%EB%93%9C%EB%B6%81_SKT_M%20Ed3_%ED%86%B5%EC%8B%A02.0_V3_%EA%B3%B5%EC%8B%A4%EC%9A%A9.pdf,true,,payment_status,financial_normal_synthetic_v2,rule_synthetic_from_reviewed_sms_patterns,generator_rule_and_source_review,2026-09-15,train,16494245406474439116,e4e754ce930709cc0493cfef8a9d8b23e6894a7f118f517d756411a98967f4f1,check_withdrawal
financial-syn-0088,"[Web발신] 현대카드 온라인승인 93** 09/15 08:54 342,800원 약국 이용내역 https://www.hyundaicard.com/",현대카드,0,https://www.hyundaicard.com/upload/card/T_AOB-20260403-1734-28_%EA%B0%80%EC%9D%B4%EB%93%9C%EB%B6%81_SKT_M%20Ed3_%ED%86%B5%EC%8B%A02.0_V3_%EA%B3%B5%EC%8B%A4%EC%9A%A9.pdf,true,,payment_status,financial_normal_synthetic_v2,rule_synthetic_from_reviewed_sms_patterns,generator_rule_and_source_review,2026-09-15,train,12197302322370945948,a94585d68ef7a39c73799a847ed29ee51cdad22e4303320c5f5d9f549e27f1fc,online_approval
financial-syn-0089,"[Web발신] [KB국민카드] 12/04 22:11 18** 온라인쇼핑 체크카드출금 150,600원 잔액 158,300원",KB국민카드,0,https://github.com/kakao/credit-card-sms-parser/blob/master/test/test_credit_card_sms_parser.rb,true,,payment_status,financial_normal_synthetic_v2,rule_synthetic_from_reviewed_sms_patterns,generator_rule_and_source_review,2026-09-15,train,454382572207470350,064e4a8ac08df70e82293373543240cec39ece78848b055a03a41390130cd5d9,check_withdrawal
financial-syn-0090,"[롯데카드] 편의점 634,700원 매출취소가 처리되었습니다. 07/10 10:24",롯데카드,0,https://www.lottecard.co.kr/app/LPBNFBD_V500.lc,true,,payment_status,financial_normal_synthetic_v2,rule_synthetic_from_reviewed_sms_patterns,generator_rule_and_source_review,2026-09-15,train,18235792652520590813,fd128cccd32b0ddd0caf0993f2e38614b142fbb44c9c1354152cf50beca6bbb2,sale_cancelled
financial-syn-0091,"[Web발신] [하나카드] 생활용품점 148,600원 매출취소가 처리되었습니다. 09/20 22:11",하나카드,0,https://www.hanacard.co.kr/contents/popup/club_sk/enclean/OPY15000000M.web?mID=OPY15000000M&schID=pcd,true,,payment_status,financial_normal_synthetic_v2,rule_synthetic_from_reviewed_sms_patterns,generator_rule_and_source_review,2026-09-15,train,13097520740736738025,b5c3bdb855eca2e92f0127085051a7eb58af59f171d3f9775ca57bb0f50dd06e,sale_cancelled
financial-syn-0092,"NH농협카드 온라인승인 27** 07/12 18:40 134,700원 약국",NH농협카드,0,https://github.com/kakao/credit-card-sms-parser/blob/master/test/test_credit_card_sms_parser.rb,true,,payment_status,financial_normal_synthetic_v2,rule_synthetic_from_reviewed_sms_patterns,generator_rule_and_source_review,2026-09-15,train,7844333298760608231,6cdcab92fc64e9e7002aee3264dfb7244746ea6827548ca84372150979afdde6,online_approval
financial-syn-0093,"[KB국민카드] 후불교통 이용금액 892,700원 처리 완료 11/08",KB국민카드,0,https://github.com/kakao/credit-card-sms-parser/blob/master/test/test_credit_card_sms_parser.rb,true,,payment_status,financial_normal_synthetic_v2,rule_synthetic_from_reviewed_sms_patterns,generator_rule_and_source_review,2026-09-15,train,14733662611259610416,cc787c152895553022955069523d363b74571fd34f627410c40598140a9046f1,transit_payment
financial-syn-0094,"[Web발신] 현대카드 06** 승인취소 08/19 00:55 112,300원 온라인쇼핑 취소 완료 이용내역 https://www.hyundaicard.com/",현대카드,0,https://www.hyundaicard.com/upload/card/T_AOB-20260403-1734-28_%EA%B0%80%EC%9D%B4%EB%93%9C%EB%B6%81_SKT_M%20Ed3_%ED%86%B5%EC%8B%A02.0_V3_%EA%B3%B5%EC%8B%A4%EC%9A%A9.pdf,true,,payment_status,financial_normal_synthetic_v2,rule_synthetic_from_reviewed_sms_patterns,generator_rule_and_source_review,2026-09-15,train,8326594758257880642,738e01d102972e42f83c19416348a808ae853ce29878d4cdfd95fbf10be979d6,approval_cancelled
financial-syn-0095,"[KB국민카드] 약국 516,300원 매출취소가 처리되었습니다. 04/25 17:12",KB국민카드,0,https://github.com/kakao/credit-card-sms-parser/blob/master/test/test_credit_card_sms_parser.rb,true,,payment_status,financial_normal_synthetic_v2,rule_synthetic_from_reviewed_sms_patterns,generator_rule_and_source_review,2026-09-15,train,4968554060273033474,44f3d997e1e62102af6812a6259bd200c351de73ed22b7d5afe36bcbc2b5cc70,sale_cancelled
financial-syn-0096,"[현대카드] 03/13 17:47 04** 보험료 체크카드출금 890,700원 잔액 1,644,000원",현대카드,0,https://www.hyundaicard.com/upload/card/T_AOB-20260403-1734-28_%EA%B0%80%EC%9D%B4%EB%93%9C%EB%B6%81_SKT_M%20Ed3_%ED%86%B5%EC%8B%A02.0_V3_%EA%B3%B5%EC%8B%A4%EC%9A%A9.pdf,true,,payment_status,financial_normal_synthetic_v2,rule_synthetic_from_reviewed_sms_patterns,generator_rule_and_source_review,2026-09-15,train,8938575181357594716,7c0c32c4d2f1385c084a9af00465b61d80ce248dbe26b856f05a71b6a83edf15,check_withdrawal
financial-syn-0097,"[Web발신] 하나카드 54** 승인 06/04 16:07 391,700원 약국 일시불",하나카드,0,https://www.hanacard.co.kr/contents/popup/club_sk/enclean/OPY15000000M.web?mID=OPY15000000M&schID=pcd,true,,payment_status,financial_normal_synthetic_v2,rule_synthetic_from_reviewed_sms_patterns,generator_rule_and_source_review,2026-09-15,train,15332624014471898617,d4c86c4e3138a5f91ca8bd1f2211cd2ce4b562b29eb806cee72461d62de8a1fe,domestic_approval
financial-syn-0098,"[Web발신] [현대카드]-승인 49** 06/12 14:02 728,100원 주유소 누적 1,653,800원",현대카드,0,https://www.hyundaicard.com/upload/card/T_AOB-20260403-1734-28_%EA%B0%80%EC%9D%B4%EB%93%9C%EB%B6%81_SKT_M%20Ed3_%ED%86%B5%EC%8B%A02.0_V3_%EA%B3%B5%EC%8B%A4%EC%9A%A9.pdf,true,,payment_status,financial_normal_synthetic_v2,rule_synthetic_from_reviewed_sms_patterns,generator_rule_and_source_review,2026-09-15,train,1478579455442161878,1484f82e4dd210d6b25b510914d91f003aa9b2cf9c5af933617e9ae9e56ce1be,approval_with_total
financial-syn-0099,"롯데카드 16** 승인거절 11/17 13:32 555,500원 주유소",롯데카드,0,https://www.lottecard.co.kr/app/LPBNFBD_V500.lc,true,,payment_status,financial_normal_synthetic_v2,rule_synthetic_from_reviewed_sms_patterns,generator_rule_and_source_review,2026-09-15,train,9422429755715122463,82c331f0ce78751f994003cc3f208c6aa619dec99b9c85ac6d2de3a6e6d4e816,approval_declined
financial-syn-0100,"[롯데카드]-승인 44** 03/27 18:54 865,400원 온라인서점 누적 1,278,300원",롯데카드,0,https://www.lottecard.co.kr/app/LPBNFBD_V500.lc,true,,payment_status,financial_normal_synthetic_v2,rule_synthetic_from_reviewed_sms_patterns,generator_rule_and_source_review,2026-09-15,train,8301672186366782459,733576de8e21ebfbe147a4ed007b0d85ae60c4ed198dfe8b3f7b760b76500c44,approval_with_total
financial-syn-0101,[Web발신] KB국민카드 해외승인 76** 07/22 20:03 US$399.30 해외가맹점,KB국민카드,0,https://github.com/kakao/credit-card-sms-parser/blob/master/test/test_credit_card_sms_parser.rb,true,,payment_status,financial_normal_synthetic_v2,rule_synthetic_from_reviewed_sms_patterns,generator_rule_and_source_review,2026-09-15,train,8675446660450515104,786560c5f00078a098aaec4993cfd3f9919d895e8aa644fd636cd02cf81042d8,overseas_approval
financial-syn-0102,"[Web발신] 현대카드 80** 승인거절 07/04 11:46 544,100원 대중교통",현대카드,0,https://www.hyundaicard.com/upload/card/T_AOB-20260403-1734-28_%EA%B0%80%EC%9D%B4%EB%93%9C%EB%B6%81_SKT_M%20Ed3_%ED%86%B5%EC%8B%A02.0_V3_%EA%B3%B5%EC%8B%A4%EC%9A%A9.pdf,true,,payment_status,financial_normal_synthetic_v2,rule_synthetic_from_reviewed_sms_patterns,generator_rule_and_source_review,2026-09-15,train,10958385746414292546,981401c6beba4e429d5efad00df9094530729e25f24cb8f5792b8deb83f51b00,approval_declined
financial-syn-0103,"[Web발신] [KB국민카드] 정기결제 승인 07/06 21:12 331,000원 약국",KB국민카드,0,https://github.com/kakao/credit-card-sms-parser/blob/master/test/test_credit_card_sms_parser.rb,true,,payment_status,financial_normal_synthetic_v2,rule_synthetic_from_reviewed_sms_patterns,generator_rule_and_source_review,2026-09-15,train,4619994467826073514,401d847d9f0affaab3c7f8dd3c8e0c0efb96ee4bcf97777bd63862ad9120a120,recurring_approval
financial-syn-0104,"[Web발신] BC카드 60** 승인 12/25 05:30 92,700원 음식점 일시불",BC카드,0,https://www.bccard.com/app/card/ContentsLinkActn.do?pgm_id=ind1074,true,,payment_status,financial_normal_synthetic_v2,rule_synthetic_from_reviewed_sms_patterns,generator_rule_and_source_review,2026-09-15,train,5644665334927579324,4e55e1372451d8bc49fe177d5f65604227a305b84d0038dda1181af496b3ab58,domestic_approval
financial-syn-0105,"[현대카드] 정기결제 승인 08/01 22:53 373,400원 온라인쇼핑",현대카드,0,https://www.hyundaicard.com/upload/card/T_AOB-20260403-1734-28_%EA%B0%80%EC%9D%B4%EB%93%9C%EB%B6%81_SKT_M%20Ed3_%ED%86%B5%EC%8B%A02.0_V3_%EA%B3%B5%EC%8B%A4%EC%9A%A9.pdf,true,,payment_status,financial_normal_synthetic_v2,rule_synthetic_from_reviewed_sms_patterns,generator_rule_and_source_review,2026-09-15,train,2240001581808732744,1f1615921405ca4840873e1886b7f804b5002cb716ab1fe8c70bd84e41f8f988,recurring_approval
financial-syn-0106,"[Web발신] 하나카드 온라인승인 45** 04/22 22:51 319,900원 온라인쇼핑",하나카드,0,https://www.hanacard.co.kr/contents/popup/club_sk/enclean/OPY15000000M.web?mID=OPY15000000M&schID=pcd,true,,payment_status,financial_normal_synthetic_v2,rule_synthetic_from_reviewed_sms_patterns,generator_rule_and_source_review,2026-09-15,train,2909574140672390797,2860e243ee70b68d9bb2c12aac0868a1da6b0a8b6bbf261bebcee293b3f7190d,online_approval
financial-syn-0107,"현대카드 07** 승인 08/06 06:18 482,400원 동네마트 일시불 이용내역 https://www.hyundaicard.com/",현대카드,0,https://www.hyundaicard.com/upload/card/T_AOB-20260403-1734-28_%EA%B0%80%EC%9D%B4%EB%93%9C%EB%B6%81_SKT_M%20Ed3_%ED%86%B5%EC%8B%A02.0_V3_%EA%B3%B5%EC%8B%A4%EC%9A%A9.pdf,true,,payment_status,financial_normal_synthetic_v2,rule_synthetic_from_reviewed_sms_patterns,generator_rule_and_source_review,2026-09-15,train,6185703537879010272,55d808982d27cbe0ada77dc876021db13e13aec48a76463445319e1633e29fd5,domestic_approval
financial-syn-0108,"[현대카드] 정기결제 승인 11/26 01:33 691,700원 약국",현대카드,0,https://www.hyundaicard.com/upload/card/T_AOB-20260403-1734-28_%EA%B0%80%EC%9D%B4%EB%93%9C%EB%B6%81_SKT_M%20Ed3_%ED%86%B5%EC%8B%A02.0_V3_%EA%B3%B5%EC%8B%A4%EC%9A%A9.pdf,true,,payment_status,financial_normal_synthetic_v2,rule_synthetic_from_reviewed_sms_patterns,generator_rule_and_source_review,2026-09-15,train,16580831711023201656,e61af2979811fd78d0174ea1bf8bea54580282c87e204fcbcb6aa181a8aca824,recurring_approval
financial-syn-0109,"[하나카드] 11/15 09:54 86** 대중교통 체크카드출금 179,200원 잔액 1,410,000원",하나카드,0,https://www.hanacard.co.kr/contents/popup/club_sk/enclean/OPY15000000M.web?mID=OPY15000000M&schID=pcd,true,,payment_status,financial_normal_synthetic_v2,rule_synthetic_from_reviewed_sms_patterns,generator_rule_and_source_review,2026-09-15,train,2504136499387531357,22c07ae0f315805d488ff00ad95e85aa7c0709c84a69b8822191c113c2a92b3b,check_withdrawal
financial-syn-0110,"[롯데카드] 정기결제 승인 08/07 01:12 813,900원 통신요금",롯데카드,0,https://www.lottecard.co.kr/app/LPBNFBD_V500.lc,true,,payment_status,financial_normal_synthetic_v2,rule_synthetic_from_reviewed_sms_patterns,generator_rule_and_source_review,2026-09-15,train,3214267695302499269,2c9b5f705f84dbc54494548e0ea1dc830aa15f0318ac480fb78d31c8913b2715,recurring_approval
financial-syn-0111,"[Web발신] [현대카드] 카드 결제대금 13,500원 입금 처리가 완료되었습니다. 04/13 13:21",현대카드,0,https://www.hyundaicard.com/upload/card/T_AOB-20260403-1734-28_%EA%B0%80%EC%9D%B4%EB%93%9C%EB%B6%81_SKT_M%20Ed3_%ED%86%B5%EC%8B%A02.0_V3_%EA%B3%B5%EC%8B%A4%EC%9A%A9.pdf,true,,payment_status,financial_normal_synthetic_v2,rule_synthetic_from_reviewed_sms_patterns,generator_rule_and_source_review,2026-09-15,train,5551432631581265484,4d0aa690cfe9ce4c3987dc12908be58cf6290a835871ed770886eaa625bdc108,payment_deposit_completed
financial-syn-0112,"[Web발신] BC카드 온라인승인 21** 03/10 03:24 793,400원 보험료",BC카드,0,https://www.bccard.com/app/card/ContentsLinkActn.do?pgm_id=ind1074,true,,payment_status,financial_normal_synthetic_v2,rule_synthetic_from_reviewed_sms_patterns,generator_rule_and_source_review,2026-09-15,train,15353353002869526640,d5121135e73710709962941a3ae3fa185639612078b58a7f29c372aa0397e5ae,online_approval
financial-syn-0113,"[Web발신] [롯데카드]-승인 86** 02/25 23:14 270,800원 보험료 누적 2,879,600원",롯데카드,0,https://www.lottecard.co.kr/app/LPBNFBD_V500.lc,true,,payment_status,financial_normal_synthetic_v2,rule_synthetic_from_reviewed_sms_patterns,generator_rule_and_source_review,2026-09-15,train,17927564777473168163,f8cb812e4917d3239f3f46a0315e704e8459786b1eea3273400096fbfffae3a8,approval_with_total
financial-syn-0114,"[Web발신] 롯데카드 온라인승인 06** 03/12 17:07 721,700원 대중교통",롯데카드,0,https://www.lottecard.co.kr/app/LPBNFBD_V500.lc,true,,payment_status,financial_normal_synthetic_v2,rule_synthetic_from_reviewed_sms_patterns,generator_rule_and_source_review,2026-09-15,train,5315283320792811953,49c3ae04c86a09b17e152d0d7b1aa82681bd40acf20052399887d13e731c46ca,online_approval
financial-syn-0115,"[Web발신] [NH농협카드] 후불교통 이용금액 624,200원 처리 완료 01/11",NH농협카드,0,https://github.com/kakao/credit-card-sms-parser/blob/master/test/test_credit_card_sms_parser.rb,true,,payment_status,financial_normal_synthetic_v2,rule_synthetic_from_reviewed_sms_patterns,generator_rule_and_source_review,2026-09-15,train,6837219954770190897,5ee2af52df4a2231722df4fe371209417f68aceffd4e4f139ebb599e32c57941,transit_payment
financial-syn-0116,"[Web발신] [KB국민카드] 주유소 822,000원 매출취소가 처리되었습니다. 04/13 21:16",KB국민카드,0,https://github.com/kakao/credit-card-sms-parser/blob/master/test/test_credit_card_sms_parser.rb,true,,payment_status,financial_normal_synthetic_v2,rule_synthetic_from_reviewed_sms_patterns,generator_rule_and_source_review,2026-09-15,train,380891503195197794,054932cdd9ea1162415680a5990b0584660de23f1753f12914e92c4d3d606d2f,sale_cancelled
financial-syn-0117,"NH농협카드 승인 06** 04/10 00:51 165,800원 12개월 할부 온라인서점 이용내역 https://card.nonghyup.com/",NH농협카드,0,https://github.com/kakao/credit-card-sms-parser/blob/master/test/test_credit_card_sms_parser.rb,true,,payment_status,financial_normal_synthetic_v2,rule_synthetic_from_reviewed_sms_patterns,generator_rule_and_source_review,2026-09-15,train,11556541148637125277,a06114f20cb35a9d92bbf12faf6335002ae783e0765c0e5d0f28caaf7dc6fe75,installment_approval
financial-syn-0118,현대카드 해외승인 45** 09/12 20:27 US$528.80 해외가맹점,현대카드,0,https://www.hyundaicard.com/upload/card/T_AOB-20260403-1734-28_%EA%B0%80%EC%9D%B4%EB%93%9C%EB%B6%81_SKT_M%20Ed3_%ED%86%B5%EC%8B%A02.0_V3_%EA%B3%B5%EC%8B%A4%EC%9A%A9.pdf,true,,payment_status,financial_normal_synthetic_v2,rule_synthetic_from_reviewed_sms_patterns,generator_rule_and_source_review,2026-09-15,train,6189742021613743686,55e66192f1986e46d608a40902371d2ca7c14bde0a01bc3222b410738a53d1e9,overseas_approval
financial-syn-0119,"[NH농협카드] 후불교통 이용금액 793,000원 처리 완료 03/14",NH농협카드,0,https://github.com/kakao/credit-card-sms-parser/blob/master/test/test_credit_card_sms_parser.rb,true,,payment_status,financial_normal_synthetic_v2,rule_synthetic_from_reviewed_sms_patterns,generator_rule_and_source_review,2026-09-15,train,13132377891155210529,b63f941d1a7ff121fe9c0fce7dc0eff9db9841808d21e9aa02e3979d5ec4221b,transit_payment
financial-syn-0120,"하나카드 온라인승인 19** 04/16 13:21 645,300원 온라인서점",하나카드,0,https://www.hanacard.co.kr/contents/popup/club_sk/enclean/OPY15000000M.web?mID=OPY15000000M&schID=pcd,true,,payment_status,financial_normal_synthetic_v2,rule_synthetic_from_reviewed_sms_patterns,generator_rule_and_source_review,2026-09-15,train,15204911363674577749,d302b253811f9b55e8578ecdd0fdb42ed7880605cb81788034a326e4c264f3d0,online_approval
financial-syn-0121,"[NH농협카드] 약국 518,900원 매출취소가 처리되었습니다. 07/03 05:07 이용내역 https://card.nonghyup.com/",NH농협카드,0,https://github.com/kakao/credit-card-sms-parser/blob/master/test/test_credit_card_sms_parser.rb,true,,payment_status,financial_normal_synthetic_v2,rule_synthetic_from_reviewed_sms_patterns,generator_rule_and_source_review,2026-09-15,train,18271682378554734459,fd920e50d684f77b8646dc2c9781a3c0876d81dec1c9de585c10333f149b03e4,sale_cancelled
financial-syn-0122,"하나카드 승인 78** 01/18 23:12 612,000원 10개월 할부 주유소",하나카드,0,https://www.hanacard.co.kr/contents/popup/club_sk/enclean/OPY15000000M.web?mID=OPY15000000M&schID=pcd,true,,payment_status,financial_normal_synthetic_v2,rule_synthetic_from_reviewed_sms_patterns,generator_rule_and_source_review,2026-09-15,train,2880301200836426179,27f8e2ae81fc79c3e3469534d584d3e9bdbb5019c9b3534cdb0396c09f7b3200,installment_approval
financial-syn-0123,롯데카드 해외승인 13** 11/14 15:17 US$221.15 해외가맹점,롯데카드,0,https://www.lottecard.co.kr/app/LPBNFBD_V500.lc,true,,payment_status,financial_normal_synthetic_v2,rule_synthetic_from_reviewed_sms_patterns,generator_rule_and_source_review,2026-09-15,train,6510476945278230875,5a59dc49a9ade15bfcd8a2a580a0e8550d67e28e60335d3699758cd39a895183,overseas_approval
financial-syn-0124,"[BC카드] 카드 결제대금 692,600원 입금 처리가 완료되었습니다. 03/12 01:00",BC카드,0,https://www.bccard.com/app/card/ContentsLinkActn.do?pgm_id=ind1074,true,,payment_status,financial_normal_synthetic_v2,rule_synthetic_from_reviewed_sms_patterns,generator_rule_and_source_review,2026-09-15,train,17272819258016370112,efb561998f978dc0e0aa17158ad51e9b1c282a3ef202a15c6cbf30a77a75a97c,payment_deposit_completed
financial-syn-0125,"[Web발신] [현대카드] 07/09 07:08 59** 약국 체크카드출금 372,700원 잔액 2,172,700원",현대카드,0,https://www.hyundaicard.com/upload/card/T_AOB-20260403-1734-28_%EA%B0%80%EC%9D%B4%EB%93%9C%EB%B6%81_SKT_M%20Ed3_%ED%86%B5%EC%8B%A02.0_V3_%EA%B3%B5%EC%8B%A4%EC%9A%A9.pdf,true,,payment_status,financial_normal_synthetic_v2,rule_synthetic_from_reviewed_sms_patterns,generator_rule_and_source_review,2026-09-15,train,18082900962507265860,faf35e9e3ad09744672cd52cf2bfd8c6c91ead8c6d6c93b96775b750ea36cc74,check_withdrawal
financial-syn-0126,"[하나카드]-승인 88** 09/24 01:25 843,200원 온라인쇼핑 누적 3,421,000원",하나카드,0,https://www.hanacard.co.kr/contents/popup/club_sk/enclean/OPY15000000M.web?mID=OPY15000000M&schID=pcd,true,,payment_status,financial_normal_synthetic_v2,rule_synthetic_from_reviewed_sms_patterns,generator_rule_and_source_review,2026-09-15,train,7118702260479487303,62cab5fd49a66d4780ec511ff21065978319a1ec8d94315fefd8592caffffcad,approval_with_total
financial-syn-0127,"[Web발신] 현대카드 27** 승인취소 11/26 07:32 294,400원 편의점 취소 완료 이용내역 https://www.hyundaicard.com/",현대카드,0,https://www.hyundaicard.com/upload/card/T_AOB-20260403-1734-28_%EA%B0%80%EC%9D%B4%EB%93%9C%EB%B6%81_SKT_M%20Ed3_%ED%86%B5%EC%8B%A02.0_V3_%EA%B3%B5%EC%8B%A4%EC%9A%A9.pdf,true,,payment_status,financial_normal_synthetic_v2,rule_synthetic_from_reviewed_sms_patterns,generator_rule_and_source_review,2026-09-15,train,2187644986750045194,1e5c138659e68c0a298cb966b12d4a32314db6a9b87957f1cda0b3b1bff80e85,approval_cancelled
financial-syn-0128,"[Web발신] BC카드 07** 승인 09/16 10:07 662,700원 동네마트 일시불",BC카드,0,https://www.bccard.com/app/card/ContentsLinkActn.do?pgm_id=ind1074,true,,payment_status,financial_normal_synthetic_v2,rule_synthetic_from_reviewed_sms_patterns,generator_rule_and_source_review,2026-09-15,train,7053981161835859636,61e4c67e3b860eb4c8f3afe3adf1e365d5a07c4b5c29a9705229232de1892b16,domestic_approval
financial-syn-0129,"[BC카드] 후불교통 이용금액 610,400원 처리 완료 02/08",BC카드,0,https://www.bccard.com/app/card/ContentsLinkActn.do?pgm_id=ind1074,true,,payment_status,financial_normal_synthetic_v2,rule_synthetic_from_reviewed_sms_patterns,generator_rule_and_source_review,2026-09-15,train,16109351678479089946,df8fea002596c11abc1d6edf158cc757fdc07db8c6c657c138f17e8ac691535a,transit_payment
financial-syn-0130,"[Web발신] [롯데카드] 후불교통 이용금액 492,800원 처리 완료 02/15",롯데카드,0,https://www.lottecard.co.kr/app/LPBNFBD_V500.lc,true,,payment_status,financial_normal_synthetic_v2,rule_synthetic_from_reviewed_sms_patterns,generator_rule_and_source_review,2026-09-15,train,15134142815030806547,d20746b4c5f108135987c1e237af2e36c0a3c59a37534d0ced6192038abc4086,transit_payment
financial-syn-0131,"[Web발신] [하나카드] 후불교통 이용금액 4,400원 처리 완료 09/13",하나카드,0,https://www.hanacard.co.kr/contents/popup/club_sk/enclean/OPY15000000M.web?mID=OPY15000000M&schID=pcd,true,,payment_status,financial_normal_synthetic_v2,rule_synthetic_from_reviewed_sms_patterns,generator_rule_and_source_review,2026-09-15,train,895212449346988567,0c6c6efac9d5aa17870f792806a022a36f55d4da6ca7e8c236415ec249925d0c,transit_payment
financial-syn-0132,[Web발신] 현대카드 해외승인 21** 04/22 07:32 US$725.25 해외가맹점,현대카드,0,https://www.hyundaicard.com/upload/card/T_AOB-20260403-1734-28_%EA%B0%80%EC%9D%B4%EB%93%9C%EB%B6%81_SKT_M%20Ed3_%ED%86%B5%EC%8B%A02.0_V3_%EA%B3%B5%EC%8B%A4%EC%9A%A9.pdf,true,,payment_status,financial_normal_synthetic_v2,rule_synthetic_from_reviewed_sms_patterns,generator_rule_and_source_review,2026-09-15,train,11592841459224873774,a0e20be2ba850b2eec2d1429e6249fbe80a40981e925ecf5f961ba4bdde0fc5b,overseas_approval
financial-syn-0133,[Web발신] 롯데카드 해외승인 25** 03/25 03:10 US$812.48 해외가맹점,롯데카드,0,https://www.lottecard.co.kr/app/LPBNFBD_V500.lc,true,,payment_status,financial_normal_synthetic_v2,rule_synthetic_from_reviewed_sms_patterns,generator_rule_and_source_review,2026-09-15,train,11451507064468320779,9eebed00a082b20b341f635a8d5cda3d100aadff9c1c87222782c28e4a782710,overseas_approval
financial-syn-0134,"[Web발신] 하나카드 35** 승인 07/13 00:25 317,900원 약국 일시불",하나카드,0,https://www.hanacard.co.kr/contents/popup/club_sk/enclean/OPY15000000M.web?mID=OPY15000000M&schID=pcd,true,,payment_status,financial_normal_synthetic_v2,rule_synthetic_from_reviewed_sms_patterns,generator_rule_and_source_review,2026-09-15,train,8594644955234985865,7746500ce7626789d25fb6d9e68474a73ddd913899b6fa41d58587d09f5c2f28,domestic_approval
financial-syn-0135,"[Web발신] NH농협카드 20** 승인 07/24 11:22 225,100원 생활용품점 일시불",NH농협카드,0,https://github.com/kakao/credit-card-sms-parser/blob/master/test/test_credit_card_sms_parser.rb,true,,payment_status,financial_normal_synthetic_v2,rule_synthetic_from_reviewed_sms_patterns,generator_rule_and_source_review,2026-09-15,train,1385397891420912651,1339ec0ac6b7fc0b94c43b63c0e487fc9166a4ad90709a7d858bfd021c7a6b54,domestic_approval
financial-syn-0136,"[Web발신] [KB국민카드] 카드 결제대금 549,300원 입금 처리가 완료되었습니다. 05/22 01:02",KB국민카드,0,https://github.com/kakao/credit-card-sms-parser/blob/master/test/test_credit_card_sms_parser.rb,true,,payment_status,financial_normal_synthetic_v2,rule_synthetic_from_reviewed_sms_patterns,generator_rule_and_source_review,2026-09-15,train,17412722261030276774,f1a66aa3cd3f0ea69eb995b254d62058993f1a70a8090aa19dc7bffe05d0621f,payment_deposit_completed
financial-syn-0137,"[Web발신] NH농협카드 40** 승인거절 05/04 14:47 259,900원 주유소",NH농협카드,0,https://github.com/kakao/credit-card-sms-parser/blob/master/test/test_credit_card_sms_parser.rb,true,,payment_status,financial_normal_synthetic_v2,rule_synthetic_from_reviewed_sms_patterns,generator_rule_and_source_review,2026-09-15,train,11022166500535561533,98f69a08c7a1ed3d7e236402ad34616c455c0f667bc0e99388fd9f51c11d46ce,approval_declined
financial-syn-0138,"BC카드 온라인승인 76** 05/04 19:11 761,900원 커피전문점",BC카드,0,https://www.bccard.com/app/card/ContentsLinkActn.do?pgm_id=ind1074,true,,payment_status,financial_normal_synthetic_v2,rule_synthetic_from_reviewed_sms_patterns,generator_rule_and_source_review,2026-09-15,train,11211154833023348296,9b9605ebe042ae4888b41077871045f0b47a8720ac78f8074e70bf3e556929da,online_approval
financial-syn-0139,"[Web발신] [현대카드]-승인 21** 04/15 09:02 695,200원 온라인쇼핑 누적 1,178,400원",현대카드,0,https://www.hyundaicard.com/upload/card/T_AOB-20260403-1734-28_%EA%B0%80%EC%9D%B4%EB%93%9C%EB%B6%81_SKT_M%20Ed3_%ED%86%B5%EC%8B%A02.0_V3_%EA%B3%B5%EC%8B%A4%EC%9A%A9.pdf,true,,payment_status,financial_normal_synthetic_v2,rule_synthetic_from_reviewed_sms_patterns,generator_rule_and_source_review,2026-09-15,train,18200440487628679398,fc94f43184bea8e6bc760522771279ba67986744ce567a27f321af2564bdc0ff,approval_with_total
financial-syn-0140,"[Web발신] 하나카드 26** 승인취소 09/07 02:49 168,400원 생활용품점 취소 완료",하나카드,0,https://www.hanacard.co.kr/contents/popup/club_sk/enclean/OPY15000000M.web?mID=OPY15000000M&schID=pcd,true,,payment_status,financial_normal_synthetic_v2,rule_synthetic_from_reviewed_sms_patterns,generator_rule_and_source_review,2026-09-15,train,10952022273678311275,97fd663b4ac2ff6b03e4b5846c10887e54ac9fb88fd333202252d00f60f78883,approval_cancelled
financial-syn-0141,"[Web발신] [현대카드] 주유소 666,600원 매출취소가 처리되었습니다. 11/13 09:17",현대카드,0,https://www.hyundaicard.com/upload/card/T_AOB-20260403-1734-28_%EA%B0%80%EC%9D%B4%EB%93%9C%EB%B6%81_SKT_M%20Ed3_%ED%86%B5%EC%8B%A02.0_V3_%EA%B3%B5%EC%8B%A4%EC%9A%A9.pdf,true,,payment_status,financial_normal_synthetic_v2,rule_synthetic_from_reviewed_sms_patterns,generator_rule_and_source_review,2026-09-15,train,9635986586426161344,85b9e6bf285c38c052676f69865d366ec0143471963ba23456589a7d701cac88,sale_cancelled
financial-syn-0142,"NH농협카드 00** 승인 06/07 02:04 219,500원 온라인쇼핑 일시불",NH농협카드,0,https://github.com/kakao/credit-card-sms-parser/blob/master/test/test_credit_card_sms_parser.rb,true,,payment_status,financial_normal_synthetic_v2,rule_synthetic_from_reviewed_sms_patterns,generator_rule_and_source_review,2026-09-15,train,6147352806683591451,554fc8cebf60431bb21b0cbab65194cea9fa53edfd5a8c7f94381831e6b02942,domestic_approval
financial-syn-0143,"[Web발신] [하나카드] 12/28 15:01 36** 주유소 체크카드출금 622,100원 잔액 1,169,800원",하나카드,0,https://www.hanacard.co.kr/contents/popup/club_sk/enclean/OPY15000000M.web?mID=OPY15000000M&schID=pcd,true,,payment_status,financial_normal_synthetic_v2,rule_synthetic_from_reviewed_sms_patterns,generator_rule_and_source_review,2026-09-15,train,13125227250124147909,b6262ca4bfed4cc5f4963b914d1d5ac9585302f0d2e23fdadb4286b4e889396c,check_withdrawal
financial-syn-0144,"[Web발신] [현대카드]-승인 58** 03/24 12:34 544,300원 주유소 누적 3,400,200원",현대카드,0,https://www.hyundaicard.com/upload/card/T_AOB-20260403-1734-28_%EA%B0%80%EC%9D%B4%EB%93%9C%EB%B6%81_SKT_M%20Ed3_%ED%86%B5%EC%8B%A02.0_V3_%EA%B3%B5%EC%8B%A4%EC%9A%A9.pdf,true,,payment_status,financial_normal_synthetic_v2,rule_synthetic_from_reviewed_sms_patterns,generator_rule_and_source_review,2026-09-15,train,15113839820407033182,d1bf253d7783cd5ea585c7aa74fbbbd4e3db7128fc5ce95163a471f668b184de,approval_with_total
financial-syn-0145,"[Web발신] [BC카드] 음식점 400,400원 매출취소가 처리되었습니다. 01/15 15:40",BC카드,0,https://www.bccard.com/app/card/ContentsLinkActn.do?pgm_id=ind1074,true,,payment_status,financial_normal_synthetic_v2,rule_synthetic_from_reviewed_sms_patterns,generator_rule_and_source_review,2026-09-15,train,14149698107440421548,c45dd375dd00daac58aa4546149804596186708432ed8d020bd32d018ada3152,sale_cancelled
financial-syn-0146,"[KB국민카드] 후불교통 이용금액 301,000원 처리 완료 02/07",KB국민카드,0,https://github.com/kakao/credit-card-sms-parser/blob/master/test/test_credit_card_sms_parser.rb,true,,payment_status,financial_normal_synthetic_v2,rule_synthetic_from_reviewed_sms_patterns,generator_rule_and_source_review,2026-09-15,train,15668422148448054056,d9716aeddd1beb2850897b1900b6fc749b3cb6c18bcb018763bfba8e815b8012,transit_payment
financial-syn-0147,"[Web발신] 롯데카드 41** 승인 02/18 01:56 541,300원 통신요금 일시불",롯데카드,0,https://www.lottecard.co.kr/app/LPBNFBD_V500.lc,true,,payment_status,financial_normal_synthetic_v2,rule_synthetic_from_reviewed_sms_patterns,generator_rule_and_source_review,2026-09-15,train,16881201014705633957,ea4612e1e77e3aa5cccafbba5ec8659b76abf81821af434440d50e6a01a5ac4d,domestic_approval
financial-syn-0148,"KB국민카드 온라인승인 26** 05/11 22:43 384,700원 온라인서점",KB국민카드,0,https://github.com/kakao/credit-card-sms-parser/blob/master/test/test_credit_card_sms_parser.rb,true,,payment_status,financial_normal_synthetic_v2,rule_synthetic_from_reviewed_sms_patterns,generator_rule_and_source_review,2026-09-15,train,1871284075400388422,19f822f3bc15df46446e27992dc087ea3a0103373a519519bfd34f540ebb30c0,online_approval
financial-syn-0149,"[Web발신] [BC카드] 02/25 08:30 46** 커피전문점 체크카드출금 213,600원 잔액 840,500원",BC카드,0,https://www.bccard.com/app/card/ContentsLinkActn.do?pgm_id=ind1074,true,,payment_status,financial_normal_synthetic_v2,rule_synthetic_from_reviewed_sms_patterns,generator_rule_and_source_review,2026-09-15,train,13585166178237377512,bc8834a96c7d6be8eeb016c458d6ea60969853e3ff3a9368119a5cc0fe38ac40,check_withdrawal
financial-syn-0150,하나카드 해외승인 88** 09/12 15:28 US$284.61 해외가맹점,하나카드,0,https://www.hanacard.co.kr/contents/popup/club_sk/enclean/OPY15000000M.web?mID=OPY15000000M&schID=pcd,true,,payment_status,financial_normal_synthetic_v2,rule_synthetic_from_reviewed_sms_patterns,generator_rule_and_source_review,2026-09-15,train,6227133353488383583,566b38cacfa97e5f6b484cc8b17fad649cec6b87b85dc2c95ff1891229ef6a16,overseas_approval
financial-syn-0151,"KB국민카드 61** 승인거절 06/16 12:53 288,000원 음식점",KB국민카드,0,https://github.com/kakao/credit-card-sms-parser/blob/master/test/test_credit_card_sms_parser.rb,true,,payment_status,financial_normal_synthetic_v2,rule_synthetic_from_reviewed_sms_patterns,generator_rule_and_source_review,2026-09-15,train,18278818490065726508,fdab68924635ac2c87aa264257c806a0130308414960f33c510e53c04f7165eb,approval_declined
financial-syn-0152,"[Web발신] 현대카드 온라인승인 24** 06/21 21:20 873,600원 주유소 이용내역 https://www.hyundaicard.com/",현대카드,0,https://www.hyundaicard.com/upload/card/T_AOB-20260403-1734-28_%EA%B0%80%EC%9D%B4%EB%93%9C%EB%B6%81_SKT_M%20Ed3_%ED%86%B5%EC%8B%A02.0_V3_%EA%B3%B5%EC%8B%A4%EC%9A%A9.pdf,true,,payment_status,financial_normal_synthetic_v2,rule_synthetic_from_reviewed_sms_patterns,generator_rule_and_source_review,2026-09-15,train,7030094191091172,0018f9d55aff5de49bc300341218bbd6664cd130567af35e321b4286fdcf4673,online_approval
financial-syn-0153,"[현대카드] 후불교통 이용금액 634,900원 처리 완료 10/04 이용내역 https://www.hyundaicard.com/",현대카드,0,https://www.hyundaicard.com/upload/card/T_AOB-20260403-1734-28_%EA%B0%80%EC%9D%B4%EB%93%9C%EB%B6%81_SKT_M%20Ed3_%ED%86%B5%EC%8B%A02.0_V3_%EA%B3%B5%EC%8B%A4%EC%9A%A9.pdf,true,,payment_status,financial_normal_synthetic_v2,rule_synthetic_from_reviewed_sms_patterns,generator_rule_and_source_review,2026-09-15,train,8460694253443563486,756a6c98c9b13fdedad1538b1d16a5abbfe4111f4605117f959a92515783dd0f,transit_payment
financial-syn-0154,"[Web발신] 하나카드 온라인승인 66** 11/02 08:53 726,700원 통신요금",하나카드,0,https://www.hanacard.co.kr/contents/popup/club_sk/enclean/OPY15000000M.web?mID=OPY15000000M&schID=pcd,true,,payment_status,financial_normal_synthetic_v2,rule_synthetic_from_reviewed_sms_patterns,generator_rule_and_source_review,2026-09-15,train,3638591807741736013,327edff89717b44ded9031861be78c75b9f65b8d1c889d04df54a106babde30e,online_approval
financial-syn-0155,"[BC카드]-승인 03** 04/26 03:14 1,100원 음식점 누적 600,000원",BC카드,0,https://www.bccard.com/app/card/ContentsLinkActn.do?pgm_id=ind1074,true,,payment_status,financial_normal_synthetic_v2,rule_synthetic_from_reviewed_sms_patterns,generator_rule_and_source_review,2026-09-15,train,10084975977347288362,8bf508380a220d2a74ab56b0c8ea27a6bb191b7aeb5e645dba2c97f06f9a7775,approval_with_total
financial-syn-0156,"[Web발신] 하나카드 30** 승인 07/28 06:11 894,800원 음식점 일시불",하나카드,0,https://www.hanacard.co.kr/contents/popup/club_sk/enclean/OPY15000000M.web?mID=OPY15000000M&schID=pcd,true,,payment_status,financial_normal_synthetic_v2,rule_synthetic_from_reviewed_sms_patterns,generator_rule_and_source_review,2026-09-15,train,5190260663119976425,48078292ecf317e9734e038ca3ffeb34bc95a27f48b2e4a7afb83119b1ca0a43,domestic_approval
financial-syn-0157,"[롯데카드] 정기결제 승인 02/21 09:17 842,600원 약국",롯데카드,0,https://www.lottecard.co.kr/app/LPBNFBD_V500.lc,true,,payment_status,financial_normal_synthetic_v2,rule_synthetic_from_reviewed_sms_patterns,generator_rule_and_source_review,2026-09-15,train,4792103109409265405,4280f8636b6256fddee8ae4814f05963574dae06148ae02857560607825507cb,recurring_approval
financial-syn-0158,"[Web발신] 하나카드 승인 59** 12/24 12:31 161,200원 2개월 할부 온라인쇼핑",하나카드,0,https://www.hanacard.co.kr/contents/popup/club_sk/enclean/OPY15000000M.web?mID=OPY15000000M&schID=pcd,true,,payment_status,financial_normal_synthetic_v2,rule_synthetic_from_reviewed_sms_patterns,generator_rule_and_source_review,2026-09-15,train,3319133100711049123,2e0fedf8361f77a3c307e5c2e8f9266dea5179b1b53e31949cdb9288826b6ba8,installment_approval
financial-syn-0159,[Web발신] NH농협카드 해외승인 42** 08/08 07:25 US$194.19 해외가맹점,NH농협카드,0,https://github.com/kakao/credit-card-sms-parser/blob/master/test/test_credit_card_sms_parser.rb,true,,payment_status,financial_normal_synthetic_v2,rule_synthetic_from_reviewed_sms_patterns,generator_rule_and_source_review,2026-09-15,train,4291632278338209297,3b8ef0d1b0f3061196eb6bca1969cd2a7deb36bd84d25802ad89a3141e5a3987,overseas_approval
financial-syn-0160,"[Web발신] [하나카드] 카드 결제대금 792,900원 입금 처리가 완료되었습니다. 10/16 10:44",하나카드,0,https://www.hanacard.co.kr/contents/popup/club_sk/enclean/OPY15000000M.web?mID=OPY15000000M&schID=pcd,true,,payment_status,financial_normal_synthetic_v2,rule_synthetic_from_reviewed_sms_patterns,generator_rule_and_source_review,2026-09-15,train,15022992764099594797,d07c6452df6b8a2d8c0df65222d758630f88de85be791b28cdc26d78dca5cdd9,payment_deposit_completed
financial-syn-0161,"[Web발신] [현대카드] 카드 결제대금 199,900원 입금 처리가 완료되었습니다. 02/17 20:13",현대카드,0,https://www.hyundaicard.com/upload/card/T_AOB-20260403-1734-28_%EA%B0%80%EC%9D%B4%EB%93%9C%EB%B6%81_SKT_M%20Ed3_%ED%86%B5%EC%8B%A02.0_V3_%EA%B3%B5%EC%8B%A4%EC%9A%A9.pdf,true,,payment_status,financial_normal_synthetic_v2,rule_synthetic_from_reviewed_sms_patterns,generator_rule_and_source_review,2026-09-15,train,10865540791904423460,96ca27c839face248cb2017c04c61fd77c0310f8c87008518095f23d8777a258,payment_deposit_completed
financial-syn-0162,"[Web발신] [KB국민카드] 정기결제 승인 06/09 12:00 164,500원 음식점",KB국민카드,0,https://github.com/kakao/credit-card-sms-parser/blob/master/test/test_credit_card_sms_parser.rb,true,,payment_status,financial_normal_synthetic_v2,rule_synthetic_from_reviewed_sms_patterns,generator_rule_and_source_review,2026-09-15,train,9373469052240701906,82154070b3eca9d21b391b4ee3007b56b4ef8fdaabbc8b9f7390d12bd47fc9e7,recurring_approval
financial-syn-0163,"[롯데카드] 정기결제 승인 06/14 23:42 477,800원 약국",롯데카드,0,https://www.lottecard.co.kr/app/LPBNFBD_V500.lc,true,,payment_status,financial_normal_synthetic_v2,rule_synthetic_from_reviewed_sms_patterns,generator_rule_and_source_review,2026-09-15,train,1852493040878710949,19b5609b127570a5447a94b3317d603fbefb2a53adb93e88be5c365bc441aaeb,recurring_approval
financial-syn-0164,"[KB국민카드] 보험료 694,400원 매출취소가 처리되었습니다. 07/05 01:18",KB국민카드,0,https://github.com/kakao/credit-card-sms-parser/blob/master/test/test_credit_card_sms_parser.rb,true,,payment_status,financial_normal_synthetic_v2,rule_synthetic_from_reviewed_sms_patterns,generator_rule_and_source_review,2026-09-15,train,17490141225928527722,f2b976c73ae28f6a82151f2533244581c40d48fa0d835015ed1bdda3b6b8810c,sale_cancelled
financial-syn-0165,"[Web발신] 하나카드 27** 승인거절 08/12 03:06 718,600원 생활용품점",하나카드,0,https://www.hanacard.co.kr/contents/popup/club_sk/enclean/OPY15000000M.web?mID=OPY15000000M&schID=pcd,true,,payment_status,financial_normal_synthetic_v2,rule_synthetic_from_reviewed_sms_patterns,generator_rule_and_source_review,2026-09-15,train,5588896240116450211,4d8fbf84e6a843a32e6ffeeb780961fd749affbcc949278a2c8cf1632c26065b,approval_declined
financial-syn-0166,"[Web발신] NH농협카드 16** 승인 08/23 00:23 850,000원 음식점 일시불",NH농협카드,0,https://github.com/kakao/credit-card-sms-parser/blob/master/test/test_credit_card_sms_parser.rb,true,,payment_status,financial_normal_synthetic_v2,rule_synthetic_from_reviewed_sms_patterns,generator_rule_and_source_review,2026-09-15,train,809526660399645483,0b3c04356554432b9e8a40eafe817020e4a7e504f034ab772ec2110047425422,domestic_approval
financial-syn-0167,"[Web발신] [롯데카드] 정기결제 승인 04/03 21:09 52,700원 온라인쇼핑",롯데카드,0,https://www.lottecard.co.kr/app/LPBNFBD_V500.lc,true,,payment_status,financial_normal_synthetic_v2,rule_synthetic_from_reviewed_sms_patterns,generator_rule_and_source_review,2026-09-15,train,9740827054990203245,872e5e98ef34996dd93076f771c6d4aa3301e135550f8f7cf2ec8fd124336274,recurring_approval
financial-syn-0168,"[현대카드]-승인 65** 08/24 10:25 553,100원 온라인서점 누적 1,085,000원",현대카드,0,https://www.hyundaicard.com/upload/card/T_AOB-20260403-1734-28_%EA%B0%80%EC%9D%B4%EB%93%9C%EB%B6%81_SKT_M%20Ed3_%ED%86%B5%EC%8B%A02.0_V3_%EA%B3%B5%EC%8B%A4%EC%9A%A9.pdf,true,,payment_status,financial_normal_synthetic_v2,rule_synthetic_from_reviewed_sms_patterns,generator_rule_and_source_review,2026-09-15,train,2242962532407602454,1f209a8a1caa6d165ccbec2be63fe3039b351308fcdefe04d55c0515f068cc9c,approval_with_total
financial-syn-0169,"[Web발신] [BC카드] 후불교통 이용금액 617,500원 처리 완료 11/24",BC카드,0,https://www.bccard.com/app/card/ContentsLinkActn.do?pgm_id=ind1074,true,,payment_status,financial_normal_synthetic_v2,rule_synthetic_from_reviewed_sms_patterns,generator_rule_and_source_review,2026-09-15,train,18214993584492026674,fcc8a8286daa9b32eada51f206a1fed47f9edfe508b07111adc6abc1ad1eb02c,transit_payment
financial-syn-0170,"[Web발신] 하나카드 83** 승인거절 11/27 13:11 641,300원 주유소",하나카드,0,https://www.hanacard.co.kr/contents/popup/club_sk/enclean/OPY15000000M.web?mID=OPY15000000M&schID=pcd,true,,payment_status,financial_normal_synthetic_v2,rule_synthetic_from_reviewed_sms_patterns,generator_rule_and_source_review,2026-09-15,train,13626837698695115323,bd1c40b05a9fb23b3ff57f0575703e8acfe2f7e88507c9e15c38951b6e17fd81,approval_declined
financial-syn-0171,"[Web발신] [롯데카드]-승인 42** 02/27 00:17 241,300원 약국 누적 2,805,900원",롯데카드,0,https://www.lottecard.co.kr/app/LPBNFBD_V500.lc,true,,payment_status,financial_normal_synthetic_v2,rule_synthetic_from_reviewed_sms_patterns,generator_rule_and_source_review,2026-09-15,train,3922231377807905987,366e90a8412194c33a8f5fbf5cf19cfc9fc21944d8a8f34ee967c1cfaf4c1259,approval_with_total
financial-syn-0172,"[Web발신] [NH농협카드] 후불교통 이용금액 832,200원 처리 완료 03/05",NH농협카드,0,https://github.com/kakao/credit-card-sms-parser/blob/master/test/test_credit_card_sms_parser.rb,true,,payment_status,financial_normal_synthetic_v2,rule_synthetic_from_reviewed_sms_patterns,generator_rule_and_source_review,2026-09-15,train,4257169421033769321,3b148108715f89693c0f873fe90cfb54ebb4e911633914af65fec20b9141b241,transit_payment
financial-syn-0173,"하나카드 88** 승인 05/15 12:55 95,000원 보험료 일시불",하나카드,0,https://www.hanacard.co.kr/contents/popup/club_sk/enclean/OPY15000000M.web?mID=OPY15000000M&schID=pcd,true,,payment_status,financial_normal_synthetic_v2,rule_synthetic_from_reviewed_sms_patterns,generator_rule_and_source_review,2026-09-15,train,4416621299680579129,3d4afdabfae28e39d9fc294b4fa6c859b109d00149487cda06e479161082b7b1,domestic_approval
financial-syn-0174,"[Web발신] [롯데카드] 카드 결제대금 8,800원 입금 처리가 완료되었습니다. 07/12 00:45",롯데카드,0,https://www.lottecard.co.kr/app/LPBNFBD_V500.lc,true,,payment_status,financial_normal_synthetic_v2,rule_synthetic_from_reviewed_sms_patterns,generator_rule_and_source_review,2026-09-15,train,14469171631723579889,c8ccd2f0270b09f19a8d0ae3e3d057f7969e051a48165630469079770b12545c,payment_deposit_completed
financial-syn-0175,"[NH농협카드] 정기결제 승인 10/16 08:18 204,000원 대중교통",NH농협카드,0,https://github.com/kakao/credit-card-sms-parser/blob/master/test/test_credit_card_sms_parser.rb,true,,payment_status,financial_normal_synthetic_v2,rule_synthetic_from_reviewed_sms_patterns,generator_rule_and_source_review,2026-09-15,train,16339635028002700707,e2c20b7ca3a17da3b4e0eeb0e8f6752ee32dbf7ed2c6a9402fe0070f0648069b,recurring_approval
financial-syn-0176,"[현대카드] 정기결제 승인 01/21 06:55 481,600원 약국",현대카드,0,https://www.hyundaicard.com/upload/card/T_AOB-20260403-1734-28_%EA%B0%80%EC%9D%B4%EB%93%9C%EB%B6%81_SKT_M%20Ed3_%ED%86%B5%EC%8B%A02.0_V3_%EA%B3%B5%EC%8B%A4%EC%9A%A9.pdf,true,,payment_status,financial_normal_synthetic_v2,rule_synthetic_from_reviewed_sms_patterns,generator_rule_and_source_review,2026-09-15,train,15514935665140699680,d7501fc929c012203ce1c18651bc9e469e35cfdcd03155228f5b1b534c5b8f4e,recurring_approval
financial-syn-0177,"[현대카드] 카드 결제대금 899,300원 입금 처리가 완료되었습니다. 01/09 16:38",현대카드,0,https://www.hyundaicard.com/upload/card/T_AOB-20260403-1734-28_%EA%B0%80%EC%9D%B4%EB%93%9C%EB%B6%81_SKT_M%20Ed3_%ED%86%B5%EC%8B%A02.0_V3_%EA%B3%B5%EC%8B%A4%EC%9A%A9.pdf,true,,payment_status,financial_normal_synthetic_v2,rule_synthetic_from_reviewed_sms_patterns,generator_rule_and_source_review,2026-09-15,train,6710759602247914980,5d21684d990755e43f7fc0939c43265079bf633a0a71c7be6ff701688d1d42ce,payment_deposit_completed
financial-syn-0178,"[Web발신] [BC카드] 후불교통 이용금액 328,900원 처리 완료 12/12",BC카드,0,https://www.bccard.com/app/card/ContentsLinkActn.do?pgm_id=ind1074,true,,payment_status,financial_normal_synthetic_v2,rule_synthetic_from_reviewed_sms_patterns,generator_rule_and_source_review,2026-09-15,train,5016299143849640698,459d797e6c4102fa02adf9981fcc33b72854d9aa7cb1615842575698cf7b824e,transit_payment
financial-syn-0179,"BC카드 06** 승인취소 09/09 00:10 838,600원 음식점 취소 완료",BC카드,0,https://www.bccard.com/app/card/ContentsLinkActn.do?pgm_id=ind1074,true,,payment_status,financial_normal_synthetic_v2,rule_synthetic_from_reviewed_sms_patterns,generator_rule_and_source_review,2026-09-15,train,2205069060884884006,1e99faa0bf3f6a26ded356d0ad119806556fb5d2806b80f3b3f9c4e118c82184,approval_cancelled
financial-syn-0180,"[Web발신] 현대카드 승인 34** 09/03 01:28 729,300원 6개월 할부 약국",현대카드,0,https://www.hyundaicard.com/upload/card/T_AOB-20260403-1734-28_%EA%B0%80%EC%9D%B4%EB%93%9C%EB%B6%81_SKT_M%20Ed3_%ED%86%B5%EC%8B%A02.0_V3_%EA%B3%B5%EC%8B%A4%EC%9A%A9.pdf,true,,payment_status,financial_normal_synthetic_v2,rule_synthetic_from_reviewed_sms_patterns,generator_rule_and_source_review,2026-09-15,train,6597256947460346778,5b8e2a3d6d5a139a0928cf92df81adacdbe620918ab95cf93b6627d54a06c43d,installment_approval
financial-syn-0181,[Web발신] BC카드 해외승인 74** 09/25 19:52 US$504.82 해외가맹점,BC카드,0,https://www.bccard.com/app/card/ContentsLinkActn.do?pgm_id=ind1074,true,,payment_status,financial_normal_synthetic_v2,rule_synthetic_from_reviewed_sms_patterns,generator_rule_and_source_review,2026-09-15,train,9073468713989929354,7deb6fb8d9fd798a8389b4ae4f7735f7002b80ec1510b61ed3481859fce346d1,overseas_approval
financial-syn-0182,"[Web발신] 롯데카드 36** 승인 03/02 07:43 784,900원 음식점 일시불",롯데카드,0,https://www.lottecard.co.kr/app/LPBNFBD_V500.lc,true,,payment_status,financial_normal_synthetic_v2,rule_synthetic_from_reviewed_sms_patterns,generator_rule_and_source_review,2026-09-15,train,1688288814325151789,176e01bb501db82d0a99a06ddfeb19871f993c5264221cf3e0ee34aa7d494de5,domestic_approval
financial-syn-0183,"[BC카드] 카드 결제대금 618,300원 입금 처리가 완료되었습니다. 02/15 16:06",BC카드,0,https://www.bccard.com/app/card/ContentsLinkActn.do?pgm_id=ind1074,true,,payment_status,financial_normal_synthetic_v2,rule_synthetic_from_reviewed_sms_patterns,generator_rule_and_source_review,2026-09-15,train,15511816099646857504,d7450a8eb8a2e1206e86dcd5b6417b6754bc8af4375954991a56cfab51d834bb,payment_deposit_completed
financial-syn-0184,"[Web발신] [현대카드] 약국 232,800원 매출취소가 처리되었습니다. 03/01 18:07",현대카드,0,https://www.hyundaicard.com/upload/card/T_AOB-20260403-1734-28_%EA%B0%80%EC%9D%B4%EB%93%9C%EB%B6%81_SKT_M%20Ed3_%ED%86%B5%EC%8B%A02.0_V3_%EA%B3%B5%EC%8B%A4%EC%9A%A9.pdf,true,,payment_status,financial_normal_synthetic_v2,rule_synthetic_from_reviewed_sms_patterns,generator_rule_and_source_review,2026-09-15,train,10860691916928673608,96b8edc18b7d6748346f30195867f3dcf7c42be7c0daefccf16a57c96ca0c607,sale_cancelled
financial-syn-0185,"[Web발신] [롯데카드] 정기결제 승인 03/11 09:07 360,800원 음식점",롯데카드,0,https://www.lottecard.co.kr/app/LPBNFBD_V500.lc,true,,payment_status,financial_normal_synthetic_v2,rule_synthetic_from_reviewed_sms_patterns,generator_rule_and_source_review,2026-09-15,train,10931297125097322701,97b3c4d19bacb8cd90e28346981a156cd766b10420ec3b134252b842d40ff5ed,recurring_approval
financial-syn-0186,"[Web발신] NH농협카드 80** 승인 06/04 08:28 739,900원 커피전문점 일시불",NH농협카드,0,https://github.com/kakao/credit-card-sms-parser/blob/master/test/test_credit_card_sms_parser.rb,true,,payment_status,financial_normal_synthetic_v2,rule_synthetic_from_reviewed_sms_patterns,generator_rule_and_source_review,2026-09-15,train,462811818872844363,066c3ce5adc4b04bc59d5c9c15bf7f43de1cecc1edf840ad5ab807f96daa29d2,domestic_approval
financial-syn-0187,"[Web발신] BC카드 온라인승인 34** 07/21 02:08 144,400원 음식점",BC카드,0,https://www.bccard.com/app/card/ContentsLinkActn.do?pgm_id=ind1074,true,,payment_status,financial_normal_synthetic_v2,rule_synthetic_from_reviewed_sms_patterns,generator_rule_and_source_review,2026-09-15,train,4488335099219398144,3e49c4fe15e3ce00126262b4e30fea2205a9af8dd1411b9925044eab65ce69c5,online_approval
financial-syn-0188,"[하나카드] 정기결제 승인 02/27 12:14 16,900원 주유소",하나카드,0,https://www.hanacard.co.kr/contents/popup/club_sk/enclean/OPY15000000M.web?mID=OPY15000000M&schID=pcd,true,,payment_status,financial_normal_synthetic_v2,rule_synthetic_from_reviewed_sms_patterns,generator_rule_and_source_review,2026-09-15,train,18241106634663988657,fd256dd6b52b0db1c2c5479b4ce5f2c6eccd4f2cd4493c6312d0075e0fa6fc70,recurring_approval
financial-syn-0189,"[Web발신] BC카드 81** 승인취소 04/03 22:53 169,900원 온라인서점 취소 완료",BC카드,0,https://www.bccard.com/app/card/ContentsLinkActn.do?pgm_id=ind1074,true,,payment_status,financial_normal_synthetic_v2,rule_synthetic_from_reviewed_sms_patterns,generator_rule_and_source_review,2026-09-15,train,1627319403130807534,169566600fb664ee879919e7de6edaab406f65e065fee4288e3abc03dc274094,approval_cancelled
financial-syn-0190,"[Web발신] [BC카드] 정기결제 승인 09/08 07:26 366,600원 약국",BC카드,0,https://www.bccard.com/app/card/ContentsLinkActn.do?pgm_id=ind1074,true,,payment_status,financial_normal_synthetic_v2,rule_synthetic_from_reviewed_sms_patterns,generator_rule_and_source_review,2026-09-15,train,3128288910909978364,2b69ea30a99536fcdc39152a1cb6cbc2ad574e81ea83925b3557330bc85cb261,recurring_approval
financial-syn-0191,"[Web발신] [KB국민카드] 동네마트 773,000원 매출취소가 처리되었습니다. 01/08 23:10",KB국민카드,0,https://github.com/kakao/credit-card-sms-parser/blob/master/test/test_credit_card_sms_parser.rb,true,,payment_status,financial_normal_synthetic_v2,rule_synthetic_from_reviewed_sms_patterns,generator_rule_and_source_review,2026-09-15,train,12256103835089799434,aa166d809cd4890a0e6a9c9b894bb65f3e2d711615b0f250d03828250ceb933d,sale_cancelled
financial-syn-0192,"[롯데카드]-승인 94** 10/06 15:45 31,500원 음식점 누적 2,726,600원",롯데카드,0,https://www.lottecard.co.kr/app/LPBNFBD_V500.lc,true,,payment_status,financial_normal_synthetic_v2,rule_synthetic_from_reviewed_sms_patterns,generator_rule_and_source_review,2026-09-15,train,12004583172781442267,a698d8caea4504db256ef96db40b47dd62d1bc999282e17a2e9b27d2db21a9a6,approval_with_total
financial-syn-0193,"[Web발신] BC카드 16** 승인취소 03/15 01:44 582,500원 보험료 취소 완료",BC카드,0,https://www.bccard.com/app/card/ContentsLinkActn.do?pgm_id=ind1074,true,,payment_status,financial_normal_synthetic_v2,rule_synthetic_from_reviewed_sms_patterns,generator_rule_and_source_review,2026-09-15,train,14982266250906729574,cfebb3c6979e7c6612526f98bc41bc513b478c5f42ad7857708202e7e160fdb4,approval_cancelled
financial-syn-0194,"[Web발신] [하나카드] 후불교통 이용금액 684,600원 처리 완료 07/12",하나카드,0,https://www.hanacard.co.kr/contents/popup/club_sk/enclean/OPY15000000M.web?mID=OPY15000000M&schID=pcd,true,,payment_status,financial_normal_synthetic_v2,rule_synthetic_from_reviewed_sms_patterns,generator_rule_and_source_review,2026-09-15,train,5309482442463648847,49af12268c381c4f0e10b8d1fc884af525158272c8c48867d5fd62509a847ea2,transit_payment
financial-syn-0195,"[NH농협카드] 정기결제 승인 10/10 16:44 335,000원 대중교통",NH농협카드,0,https://github.com/kakao/credit-card-sms-parser/blob/master/test/test_credit_card_sms_parser.rb,true,,payment_status,financial_normal_synthetic_v2,rule_synthetic_from_reviewed_sms_patterns,generator_rule_and_source_review,2026-09-15,train,25752841848467979,005b7e12be55b20b5d38bc37976317713a2f4a3f29bb2e0e93297c33459440ae,recurring_approval
financial-syn-0196,"[Web발신] 현대카드 44** 승인 07/13 01:43 90,300원 약국 일시불 이용내역 https://www.hyundaicard.com/",현대카드,0,https://www.hyundaicard.com/upload/card/T_AOB-20260403-1734-28_%EA%B0%80%EC%9D%B4%EB%93%9C%EB%B6%81_SKT_M%20Ed3_%ED%86%B5%EC%8B%A02.0_V3_%EA%B3%B5%EC%8B%A4%EC%9A%A9.pdf,true,,payment_status,financial_normal_synthetic_v2,rule_synthetic_from_reviewed_sms_patterns,generator_rule_and_source_review,2026-09-15,train,14339762787407760000,c7011247a2ce0a801528fe8b9a52480965f12f615623f714c3584057fb210d2f,domestic_approval
financial-syn-0197,"[NH농협카드] 후불교통 이용금액 9,800원 처리 완료 10/28",NH농협카드,0,https://github.com/kakao/credit-card-sms-parser/blob/master/test/test_credit_card_sms_parser.rb,true,,payment_status,financial_normal_synthetic_v2,rule_synthetic_from_reviewed_sms_patterns,generator_rule_and_source_review,2026-09-15,train,5527517394556951113,4cb5afc8c85c1a497e8ba2a0a04f42d018adce7a59ac2cdf9a08d77a5c6dd7f8,transit_payment
financial-syn-0198,"[Web발신] 하나카드 온라인승인 44** 11/04 16:46 219,100원 생활용품점",하나카드,0,https://www.hanacard.co.kr/contents/popup/club_sk/enclean/OPY15000000M.web?mID=OPY15000000M&schID=pcd,true,,payment_status,financial_normal_synthetic_v2,rule_synthetic_from_reviewed_sms_patterns,generator_rule_and_source_review,2026-09-15,train,8772406234113223117,79bdd8fde1bda9cd02c777091ccac6c5256c935ccc0ea2e62f385305d22dd9a9,online_approval
financial-syn-0199,"[롯데카드]-승인 58** 01/27 18:25 710,000원 커피전문점 누적 1,958,400원",롯데카드,0,https://www.lottecard.co.kr/app/LPBNFBD_V500.lc,true,,payment_status,financial_normal_synthetic_v2,rule_synthetic_from_reviewed_sms_patterns,generator_rule_and_source_review,2026-09-15,train,6348165361798881323,581936c33576202bf1cd6267f2cf52dcc0c2f94c6605867a0ff520227cd5c4bf,approval_with_total
financial-syn-0200,NH농협카드 해외승인 27** 09/16 21:22 US$408.87 해외가맹점,NH농협카드,0,https://github.com/kakao/credit-card-sms-parser/blob/master/test/test_credit_card_sms_parser.rb,true,,payment_status,financial_normal_synthetic_v2,rule_synthetic_from_reviewed_sms_patterns,generator_rule_and_source_review,2026-09-15,train,3439451950485566577,2fbb635372b7747110fc3334c117542b9c809f85f01de4a9c9f94999b69a84dc,overseas_approval
financial-syn-0201,"[Web발신] 하나카드 38** 승인거절 02/12 16:37 345,700원 동네마트",하나카드,0,https://www.hanacard.co.kr/contents/popup/club_sk/enclean/OPY15000000M.web?mID=OPY15000000M&schID=pcd,true,,payment_status,financial_normal_synthetic_v2,rule_synthetic_from_reviewed_sms_patterns,generator_rule_and_source_review,2026-09-15,train,7674917262976638211,6a82c896543c5d0309601ea979e8a1999bac041e5dbf0ad755a8da910cc3058d,approval_declined
financial-syn-0202,"롯데카드 50** 승인 06/14 18:31 885,500원 동네마트 일시불",롯데카드,0,https://www.lottecard.co.kr/app/LPBNFBD_V500.lc,true,,payment_status,financial_normal_synthetic_v2,rule_synthetic_from_reviewed_sms_patterns,generator_rule_and_source_review,2026-09-15,train,5417362621071831389,4b2e5699f877315d2cc559cd718255eb6cb51668a26376be49fc6aaeb4edf93d,domestic_approval
financial-syn-0203,"[Web발신] [롯데카드]-승인 10** 11/05 18:57 372,100원 커피전문점 누적 2,020,600원",롯데카드,0,https://www.lottecard.co.kr/app/LPBNFBD_V500.lc,true,,payment_status,financial_normal_synthetic_v2,rule_synthetic_from_reviewed_sms_patterns,generator_rule_and_source_review,2026-09-15,train,11187621246642812147,9b426a3fcfc1f4f3fba55d0c5ac4d2aa6e2f1cfb3a367728674e703d9a1094c7,approval_with_total
financial-syn-0204,"BC카드 19** 승인 02/06 07:55 486,400원 편의점 일시불",BC카드,0,https://www.bccard.com/app/card/ContentsLinkActn.do?pgm_id=ind1074,true,,payment_status,financial_normal_synthetic_v2,rule_synthetic_from_reviewed_sms_patterns,generator_rule_and_source_review,2026-09-15,train,4175122581971304628,39f103de181c80b4eca0f96d9f3f3cdb712919792c0cfec7d4fbca2dddc6527c,domestic_approval
financial-syn-0205,"[Web발신] 현대카드 70** 승인취소 03/12 20:56 656,200원 대중교통 취소 완료 이용내역 https://www.hyundaicard.com/",현대카드,0,https://www.hyundaicard.com/upload/card/T_AOB-20260403-1734-28_%EA%B0%80%EC%9D%B4%EB%93%9C%EB%B6%81_SKT_M%20Ed3_%ED%86%B5%EC%8B%A02.0_V3_%EA%B3%B5%EC%8B%A4%EC%9A%A9.pdf,true,,payment_status,financial_normal_synthetic_v2,rule_synthetic_from_reviewed_sms_patterns,generator_rule_and_source_review,2026-09-15,train,712920739636499202,09e4cda2af0ad3029ac6f06ef05b238dd844961a4ee583d60b549fcd24d3f178,approval_cancelled
financial-syn-0206,"[Web발신] 현대카드 14** 승인 09/25 21:25 864,000원 대중교통 일시불 이용내역 https://www.hyundaicard.com/",현대카드,0,https://www.hyundaicard.com/upload/card/T_AOB-20260403-1734-28_%EA%B0%80%EC%9D%B4%EB%93%9C%EB%B6%81_SKT_M%20Ed3_%ED%86%B5%EC%8B%A02.0_V3_%EA%B3%B5%EC%8B%A4%EC%9A%A9.pdf,true,,payment_status,financial_normal_synthetic_v2,rule_synthetic_from_reviewed_sms_patterns,generator_rule_and_source_review,2026-09-15,train,5351291786315161584,4a439b86fcc7dff059a1ebd05219271d213925d484ce7bc86d210b769b865a92,domestic_approval
financial-syn-0207,"[Web발신] KB국민카드 승인 98** 02/21 04:11 873,700원 12개월 할부 온라인서점",KB국민카드,0,https://github.com/kakao/credit-card-sms-parser/blob/master/test/test_credit_card_sms_parser.rb,true,,payment_status,financial_normal_synthetic_v2,rule_synthetic_from_reviewed_sms_patterns,generator_rule_and_source_review,2026-09-15,train,13017571979789236652,b4a7b4bedd6a79ac9f0b8260ebebbeb588c3ffd968f09a1ebc87412aae4a2f73,installment_approval
financial-syn-0208,"[현대카드] 카드 결제대금 683,700원 입금 처리가 완료되었습니다. 10/14 21:46",현대카드,0,https://www.hyundaicard.com/upload/card/T_AOB-20260403-1734-28_%EA%B0%80%EC%9D%B4%EB%93%9C%EB%B6%81_SKT_M%20Ed3_%ED%86%B5%EC%8B%A02.0_V3_%EA%B3%B5%EC%8B%A4%EC%9A%A9.pdf,true,,payment_status,financial_normal_synthetic_v2,rule_synthetic_from_reviewed_sms_patterns,generator_rule_and_source_review,2026-09-15,train,8265510079968631956,72b4fda00bf0dc94e461eb4e6e1590f727c523f979da22566bbde9fe18b1ad37,payment_deposit_completed
financial-syn-0209,"[Web발신] [KB국민카드] 정기결제 승인 09/06 15:40 18,900원 생활용품점",KB국민카드,0,https://github.com/kakao/credit-card-sms-parser/blob/master/test/test_credit_card_sms_parser.rb,true,,payment_status,financial_normal_synthetic_v2,rule_synthetic_from_reviewed_sms_patterns,generator_rule_and_source_review,2026-09-15,train,15163155432085697546,d26e59871380b40ae029060e730870b3a95df85b660e1387346740ac44593975,recurring_approval
financial-syn-0210,"KB국민카드 60** 승인거절 08/12 15:18 90,400원 온라인쇼핑",KB국민카드,0,https://github.com/kakao/credit-card-sms-parser/blob/master/test/test_credit_card_sms_parser.rb,true,,payment_status,financial_normal_synthetic_v2,rule_synthetic_from_reviewed_sms_patterns,generator_rule_and_source_review,2026-09-15,train,4887566491658340956,43d41fd42765ca5cf933956398be15ca21b19b5b203550459d8f1fc8a711fd97,approval_declined
financial-syn-0211,"[KB국민카드] 온라인서점 72,800원 매출취소가 처리되었습니다. 11/04 11:43",KB국민카드,0,https://github.com/kakao/credit-card-sms-parser/blob/master/test/test_credit_card_sms_parser.rb,true,,payment_status,financial_normal_synthetic_v2,rule_synthetic_from_reviewed_sms_patterns,generator_rule_and_source_review,2026-09-15,train,7941865922284466762,6e372cfa7f8bb24aadafeca00c244c7e441911460390093240c9cca0b9eb6bb5,sale_cancelled
financial-syn-0212,"[Web발신] 현대카드 15** 승인 01/14 17:49 132,100원 생활용품점 일시불 이용내역 https://www.hyundaicard.com/",현대카드,0,https://www.hyundaicard.com/upload/card/T_AOB-20260403-1734-28_%EA%B0%80%EC%9D%B4%EB%93%9C%EB%B6%81_SKT_M%20Ed3_%ED%86%B5%EC%8B%A02.0_V3_%EA%B3%B5%EC%8B%A4%EC%9A%A9.pdf,true,,payment_status,financial_normal_synthetic_v2,rule_synthetic_from_reviewed_sms_patterns,generator_rule_and_source_review,2026-09-15,train,11560993713570023496,a070e6879bdd88485e386c328fb852bc657f187c2348a3966956c22cf550d84b,domestic_approval
financial-syn-0213,"[현대카드] 02/25 22:30 09** 편의점 체크카드출금 104,400원 잔액 729,100원",현대카드,0,https://www.hyundaicard.com/upload/card/T_AOB-20260403-1734-28_%EA%B0%80%EC%9D%B4%EB%93%9C%EB%B6%81_SKT_M%20Ed3_%ED%86%B5%EC%8B%A02.0_V3_%EA%B3%B5%EC%8B%A4%EC%9A%A9.pdf,true,,payment_status,financial_normal_synthetic_v2,rule_synthetic_from_reviewed_sms_patterns,generator_rule_and_source_review,2026-09-15,train,11882801964116823780,a4e8316db77f4ee4e89a3b2174e215dd166c25872676753be379017058f03684,check_withdrawal
financial-syn-0214,BC카드 해외승인 36** 06/13 22:29 US$67.44 해외가맹점,BC카드,0,https://www.bccard.com/app/card/ContentsLinkActn.do?pgm_id=ind1074,true,,payment_status,financial_normal_synthetic_v2,rule_synthetic_from_reviewed_sms_patterns,generator_rule_and_source_review,2026-09-15,train,5886109971636311986,51afa9d5504457b2bab069d2063f54190922bd3fa0bc74fd41cf083c04a65ced,overseas_approval
financial-syn-0215,"[Web발신] [BC카드] 06/05 06:03 76** 온라인쇼핑 체크카드출금 570,800원 잔액 788,500원",BC카드,0,https://www.bccard.com/app/card/ContentsLinkActn.do?pgm_id=ind1074,true,,payment_status,financial_normal_synthetic_v2,rule_synthetic_from_reviewed_sms_patterns,generator_rule_and_source_review,2026-09-15,train,18329447125408287112,fe5f470c07440988f7e63520b3a7d559dfd41dd4f68f87051ac785622d874feb,check_withdrawal
financial-syn-0216,"[Web발신] [BC카드] 카드 결제대금 188,600원 입금 처리가 완료되었습니다. 07/07 23:36",BC카드,0,https://www.bccard.com/app/card/ContentsLinkActn.do?pgm_id=ind1074,true,,payment_status,financial_normal_synthetic_v2,rule_synthetic_from_reviewed_sms_patterns,generator_rule_and_source_review,2026-09-15,train,8642380273786228600,77efe711d8df0f78acad9ff9eb3d484b99f62f51353965df51ec500efe37cae6,payment_deposit_completed
financial-syn-0217,"[현대카드] 후불교통 이용금액 672,400원 처리 완료 11/17 이용내역 https://www.hyundaicard.com/",현대카드,0,https://www.hyundaicard.com/upload/card/T_AOB-20260403-1734-28_%EA%B0%80%EC%9D%B4%EB%93%9C%EB%B6%81_SKT_M%20Ed3_%ED%86%B5%EC%8B%A02.0_V3_%EA%B3%B5%EC%8B%A4%EC%9A%A9.pdf,true,,payment_status,financial_normal_synthetic_v2,rule_synthetic_from_reviewed_sms_patterns,generator_rule_and_source_review,2026-09-15,train,12735914955037117614,b0bf0f2c80928cae72081beedb13ce74f76d57ee8ff071427d23c7efac07c35d,transit_payment
financial-syn-0218,"[NH농협카드] 정기결제 승인 02/19 18:38 344,700원 온라인쇼핑",NH농협카드,0,https://github.com/kakao/credit-card-sms-parser/blob/master/test/test_credit_card_sms_parser.rb,true,,payment_status,financial_normal_synthetic_v2,rule_synthetic_from_reviewed_sms_patterns,generator_rule_and_source_review,2026-09-15,train,8612837423141323155,7786f200ea878193088f96c3b0e90b89ec7a6a92741c80ded815e460d88a123f,recurring_approval
financial-syn-0219,"현대카드 온라인승인 84** 04/25 22:33 119,600원 음식점 이용내역 https://www.hyundaicard.com/",현대카드,0,https://www.hyundaicard.com/upload/card/T_AOB-20260403-1734-28_%EA%B0%80%EC%9D%B4%EB%93%9C%EB%B6%81_SKT_M%20Ed3_%ED%86%B5%EC%8B%A02.0_V3_%EA%B3%B5%EC%8B%A4%EC%9A%A9.pdf,true,,payment_status,financial_normal_synthetic_v2,rule_synthetic_from_reviewed_sms_patterns,generator_rule_and_source_review,2026-09-15,train,10535424244976205252,923558881fd83dc432cac2fe64b052b218defb8fbb09009d924383ee97acc3d3,online_approval
financial-syn-0220,현대카드 해외승인 65** 08/06 18:51 US$30.11 해외가맹점,현대카드,0,https://www.hyundaicard.com/upload/card/T_AOB-20260403-1734-28_%EA%B0%80%EC%9D%B4%EB%93%9C%EB%B6%81_SKT_M%20Ed3_%ED%86%B5%EC%8B%A02.0_V3_%EA%B3%B5%EC%8B%A4%EC%9A%A9.pdf,true,,payment_status,financial_normal_synthetic_v2,rule_synthetic_from_reviewed_sms_patterns,generator_rule_and_source_review,2026-09-15,train,14694941683165226718,cbeeeb9a8c24e6dee752b62d2e007e1047b9cc1972bdf209ea0885d19b7bbc7f,overseas_approval
financial-syn-0221,"롯데카드 온라인승인 70** 08/25 09:11 786,300원 대중교통",롯데카드,0,https://www.lottecard.co.kr/app/LPBNFBD_V500.lc,true,,payment_status,financial_normal_synthetic_v2,rule_synthetic_from_reviewed_sms_patterns,generator_rule_and_source_review,2026-09-15,train,14602817294299076801,caa7a0f5caa098c1ce4f0b79cded7e7f93bad00ad43bbe32230d42e8315ff76b,online_approval
financial-syn-0222,"[Web발신] 롯데카드 82** 승인취소 05/19 09:37 129,800원 생활용품점 취소 완료",롯데카드,0,https://www.lottecard.co.kr/app/LPBNFBD_V500.lc,true,,payment_status,financial_normal_synthetic_v2,rule_synthetic_from_reviewed_sms_patterns,generator_rule_and_source_review,2026-09-15,train,4269285247342433207,3b3f8c5014a953b748703d173db5358de1ef9a365bcdbdfbbead83de27f1c1bc,approval_cancelled
financial-syn-0223,"[Web발신] [하나카드] 카드 결제대금 125,400원 입금 처리가 완료되었습니다. 07/23 22:28",하나카드,0,https://www.hanacard.co.kr/contents/popup/club_sk/enclean/OPY15000000M.web?mID=OPY15000000M&schID=pcd,true,,payment_status,financial_normal_synthetic_v2,rule_synthetic_from_reviewed_sms_patterns,generator_rule_and_source_review,2026-09-15,train,1246088803022404045,114aff2a0ebdf9cd22d729da09148703c0d8b8c3b5898a663c13783438d3cd5d,payment_deposit_completed
financial-syn-0224,"[Web발신] [NH농협카드] 카드 결제대금 211,100원 입금 처리가 완료되었습니다. 10/20 15:44 이용내역 https://card.nonghyup.com/",NH농협카드,0,https://github.com/kakao/credit-card-sms-parser/blob/master/test/test_credit_card_sms_parser.rb,true,,payment_status,financial_normal_synthetic_v2,rule_synthetic_from_reviewed_sms_patterns,generator_rule_and_source_review,2026-09-15,train,9252813413007100719,806898c68f420b2f0d350a3505dee9dbd3e706fb38a0629857bcb78a460bf2ff,payment_deposit_completed
financial-syn-0225,"[현대카드] 02/07 08:27 08** 편의점 체크카드출금 266,200원 잔액 2,234,700원",현대카드,0,https://www.hyundaicard.com/upload/card/T_AOB-20260403-1734-28_%EA%B0%80%EC%9D%B4%EB%93%9C%EB%B6%81_SKT_M%20Ed3_%ED%86%B5%EC%8B%A02.0_V3_%EA%B3%B5%EC%8B%A4%EC%9A%A9.pdf,true,,payment_status,financial_normal_synthetic_v2,rule_synthetic_from_reviewed_sms_patterns,generator_rule_and_source_review,2026-09-15,train,9865999994592345780,88eb12b907aebeb4f495cc50538dc9c5a0311b80f4183da59906cf78b9a33280,check_withdrawal
financial-syn-0226,"[Web발신] [KB국민카드] 커피전문점 42,000원 매출취소가 처리되었습니다. 07/14 09:45",KB국민카드,0,https://github.com/kakao/credit-card-sms-parser/blob/master/test/test_credit_card_sms_parser.rb,true,,payment_status,financial_normal_synthetic_v2,rule_synthetic_from_reviewed_sms_patterns,generator_rule_and_source_review,2026-09-15,train,2796722363329751330,26cff42bf9a92922ca1ad2871d24ff5ffca02464f96ef4cf498eeeeb1c67dbe8,sale_cancelled
financial-syn-0227,"[Web발신] NH농협카드 승인 06** 02/17 07:25 611,700원 6개월 할부 약국 이용내역 https://card.nonghyup.com/",NH농협카드,0,https://github.com/kakao/credit-card-sms-parser/blob/master/test/test_credit_card_sms_parser.rb,true,,payment_status,financial_normal_synthetic_v2,rule_synthetic_from_reviewed_sms_patterns,generator_rule_and_source_review,2026-09-15,train,10607258005818673437,93348cf4e5bd891d6aa5a3f30b9e01dd2616ffad42cefead2892b3365219df85,installment_approval
financial-syn-0228,"[Web발신] [현대카드] 커피전문점 69,900원 매출취소가 처리되었습니다. 09/24 08:45",현대카드,0,https://www.hyundaicard.com/upload/card/T_AOB-20260403-1734-28_%EA%B0%80%EC%9D%B4%EB%93%9C%EB%B6%81_SKT_M%20Ed3_%ED%86%B5%EC%8B%A02.0_V3_%EA%B3%B5%EC%8B%A4%EC%9A%A9.pdf,true,,payment_status,financial_normal_synthetic_v2,rule_synthetic_from_reviewed_sms_patterns,generator_rule_and_source_review,2026-09-15,train,12033423852634386744,a6ff4f3cf7fc31384d882c75ba88ae563ac25be7be2306a6cf68ad0c3b7f5076,sale_cancelled
financial-syn-0229,"롯데카드 11** 승인취소 03/08 13:54 296,800원 온라인서점 취소 완료",롯데카드,0,https://www.lottecard.co.kr/app/LPBNFBD_V500.lc,true,,payment_status,financial_normal_synthetic_v2,rule_synthetic_from_reviewed_sms_patterns,generator_rule_and_source_review,2026-09-15,train,8107267396819408943,7082ccbe4686d82f2f954436817075ee391dbe1d7b1a3a9143625155900742f7,approval_cancelled
financial-syn-0230,"[Web발신] 롯데카드 온라인승인 07** 05/24 14:42 236,100원 생활용품점",롯데카드,0,https://www.lottecard.co.kr/app/LPBNFBD_V500.lc,true,,payment_status,financial_normal_synthetic_v2,rule_synthetic_from_reviewed_sms_patterns,generator_rule_and_source_review,2026-09-15,train,16542133715715176489,e59176f870373829c09b8144cf66565631dbf4accb831da89338758c4ab10c7d,online_approval
financial-syn-0231,[Web발신] 롯데카드 해외승인 70** 06/05 04:51 US$639.41 해외가맹점,롯데카드,0,https://www.lottecard.co.kr/app/LPBNFBD_V500.lc,true,,payment_status,financial_normal_synthetic_v2,rule_synthetic_from_reviewed_sms_patterns,generator_rule_and_source_review,2026-09-15,train,6742159130034286811,5d90f601dcd9b0db729595330efb14fd85db24b4ad4b208d626ed8d6cbb59ab9,overseas_approval
financial-syn-0232,"[Web발신] 현대카드 80** 승인 02/21 03:35 329,500원 주유소 일시불 이용내역 https://www.hyundaicard.com/",현대카드,0,https://www.hyundaicard.com/upload/card/T_AOB-20260403-1734-28_%EA%B0%80%EC%9D%B4%EB%93%9C%EB%B6%81_SKT_M%20Ed3_%ED%86%B5%EC%8B%A02.0_V3_%EA%B3%B5%EC%8B%A4%EC%9A%A9.pdf,true,,payment_status,financial_normal_synthetic_v2,rule_synthetic_from_reviewed_sms_patterns,generator_rule_and_source_review,2026-09-15,train,15798109246647980544,db3e28a869445200d27ca407f98a37dc22ffca62d2547146b88ce2ceccefcc27,domestic_approval
financial-syn-0233,"현대카드 36** 승인 01/10 14:41 779,700원 음식점 일시불 이용내역 https://www.hyundaicard.com/",현대카드,0,https://www.hyundaicard.com/upload/card/T_AOB-20260403-1734-28_%EA%B0%80%EC%9D%B4%EB%93%9C%EB%B6%81_SKT_M%20Ed3_%ED%86%B5%EC%8B%A02.0_V3_%EA%B3%B5%EC%8B%A4%EC%9A%A9.pdf,true,,payment_status,financial_normal_synthetic_v2,rule_synthetic_from_reviewed_sms_patterns,generator_rule_and_source_review,2026-09-15,train,10117583202811590144,8c68e051550b360040e3c9024c217d62e81c2367f2c58b1b5e9cd7c1f361b5ac,domestic_approval
financial-syn-0234,"[Web발신] [BC카드] 생활용품점 853,700원 매출취소가 처리되었습니다. 10/08 19:27",BC카드,0,https://www.bccard.com/app/card/ContentsLinkActn.do?pgm_id=ind1074,true,,payment_status,financial_normal_synthetic_v2,rule_synthetic_from_reviewed_sms_patterns,generator_rule_and_source_review,2026-09-15,train,13461280114982245444,bad012f1938bd4449766416b40b0cebe3227f4d8b7ebee8836bbac34e6f8fd09,sale_cancelled
financial-syn-0235,"[BC카드] 카드 결제대금 809,600원 입금 처리가 완료되었습니다. 04/23 17:12",BC카드,0,https://www.bccard.com/app/card/ContentsLinkActn.do?pgm_id=ind1074,true,,payment_status,financial_normal_synthetic_v2,rule_synthetic_from_reviewed_sms_patterns,generator_rule_and_source_review,2026-09-15,train,2278907997935274064,1fa04ebffcba8850a1c967c13a8f333e3d3f39f217d2cba569ee8b8a43f62d86,payment_deposit_completed
financial-syn-0236,"[NH농협카드] 카드 결제대금 538,200원 입금 처리가 완료되었습니다. 10/07 13:35 이용내역 https://card.nonghyup.com/",NH농협카드,0,https://github.com/kakao/credit-card-sms-parser/blob/master/test/test_credit_card_sms_parser.rb,true,,payment_status,financial_normal_synthetic_v2,rule_synthetic_from_reviewed_sms_patterns,generator_rule_and_source_review,2026-09-15,train,1333228943917522143,128094a926791cdfa052aba0bfbf90a4ac813a327c32a799a057dde4a3fea3de,payment_deposit_completed
financial-syn-0237,"[Web발신] NH농협카드 승인 45** 04/14 22:00 740,500원 6개월 할부 동네마트 이용내역 https://card.nonghyup.com/",NH농협카드,0,https://github.com/kakao/credit-card-sms-parser/blob/master/test/test_credit_card_sms_parser.rb,true,,payment_status,financial_normal_synthetic_v2,rule_synthetic_from_reviewed_sms_patterns,generator_rule_and_source_review,2026-09-15,train,15092433797292243189,d173189353b438f53c9d9c27e8ca7f9b9e29f3121e302aab1919c0f1b207e85e,installment_approval
financial-syn-0238,"[Web발신] [KB국민카드] 후불교통 이용금액 280,900원 처리 완료 05/27",KB국민카드,0,https://github.com/kakao/credit-card-sms-parser/blob/master/test/test_credit_card_sms_parser.rb,true,,payment_status,financial_normal_synthetic_v2,rule_synthetic_from_reviewed_sms_patterns,generator_rule_and_source_review,2026-09-15,train,121586749041671840,01aff6810a05fea05072858724e8fd42d059ef5efc81991172c43e1bbdea50c1,transit_payment
financial-syn-0239,"[Web발신] NH농협카드 97** 승인거절 11/10 03:44 296,000원 커피전문점",NH농협카드,0,https://github.com/kakao/credit-card-sms-parser/blob/master/test/test_credit_card_sms_parser.rb,true,,payment_status,financial_normal_synthetic_v2,rule_synthetic_from_reviewed_sms_patterns,generator_rule_and_source_review,2026-09-15,train,10058060649258400101,8b9568dee061b965cd0f98ed6dfe73fb5880f24e969f10fc8c3836e6e17ba66f,approval_declined
financial-syn-0240,"[Web발신] [롯데카드] 11/09 22:53 59** 대중교통 체크카드출금 229,300원 잔액 3,174,700원",롯데카드,0,https://www.lottecard.co.kr/app/LPBNFBD_V500.lc,true,,payment_status,financial_normal_synthetic_v2,rule_synthetic_from_reviewed_sms_patterns,generator_rule_and_source_review,2026-09-15,train,13807209668269449833,bf9d100a208a226940a67b2e34f2477bb23d7e3e7c26257118178af5b8a78bbd,check_withdrawal
financial-syn-0241,"롯데카드 97** 승인거절 12/24 13:13 628,100원 주유소",롯데카드,0,https://www.lottecard.co.kr/app/LPBNFBD_V500.lc,true,,payment_status,financial_normal_synthetic_v2,rule_synthetic_from_reviewed_sms_patterns,generator_rule_and_source_review,2026-09-15,train,14238906389938850471,c59ac1ebb2584aa7f4495686d3cb1cb2d27b186391ebc13a7fc37579134ab3be,approval_declined
financial-syn-0242,"[Web발신] [하나카드] 카드 결제대금 329,800원 입금 처리가 완료되었습니다. 12/19 09:23",하나카드,0,https://www.hanacard.co.kr/contents/popup/club_sk/enclean/OPY15000000M.web?mID=OPY15000000M&schID=pcd,true,,payment_status,financial_normal_synthetic_v2,rule_synthetic_from_reviewed_sms_patterns,generator_rule_and_source_review,2026-09-15,train,13674002684218542637,bdc3d0fe4a958a2da931989d066b9ff7dd79511dc4f2c6f2290d6e1797fa5d78,payment_deposit_completed
financial-syn-0243,"KB국민카드 99** 승인 10/27 03:48 131,100원 약국 일시불",KB국민카드,0,https://github.com/kakao/credit-card-sms-parser/blob/master/test/test_credit_card_sms_parser.rb,true,,payment_status,financial_normal_synthetic_v2,rule_synthetic_from_reviewed_sms_patterns,generator_rule_and_source_review,2026-09-15,train,4599675391899390482,3fd554661844d2123900cf4ee26edfbc9267dcbba66522ee236d260d02836c85,domestic_approval
financial-syn-0244,"[Web발신] [하나카드] 약국 475,700원 매출취소가 처리되었습니다. 07/11 14:40",하나카드,0,https://www.hanacard.co.kr/contents/popup/club_sk/enclean/OPY15000000M.web?mID=OPY15000000M&schID=pcd,true,,payment_status,financial_normal_synthetic_v2,rule_synthetic_from_reviewed_sms_patterns,generator_rule_and_source_review,2026-09-15,train,12601443945683624713,aee15280d7782309e8861d9e7921a7a6d853f657376e924db7827991e65697aa,sale_cancelled
financial-syn-0245,"[Web발신] [NH농협카드] 정기결제 승인 06/02 00:43 331,100원 주유소",NH농협카드,0,https://github.com/kakao/credit-card-sms-parser/blob/master/test/test_credit_card_sms_parser.rb,true,,payment_status,financial_normal_synthetic_v2,rule_synthetic_from_reviewed_sms_patterns,generator_rule_and_source_review,2026-09-15,train,12237318201915273147,a9d3b0118c94efbbcf49e4860ec31b3fe0bfcea18c70e4a7a15aaa398a9e1b2c,recurring_approval
financial-syn-0246,"[Web발신] BC카드 03** 승인취소 10/14 08:55 772,800원 동네마트 취소 완료",BC카드,0,https://www.bccard.com/app/card/ContentsLinkActn.do?pgm_id=ind1074,true,,payment_status,financial_normal_synthetic_v2,rule_synthetic_from_reviewed_sms_patterns,generator_rule_and_source_review,2026-09-15,train,9062122723932187678,7dc3209aaef92c1ec75f29679f7473c0274c17a3095e99af51ed93e8dc4f9b57,approval_cancelled
financial-syn-0247,"[Web발신] KB국민카드 06** 승인 12/15 17:58 781,000원 약국 일시불",KB국민카드,0,https://github.com/kakao/credit-card-sms-parser/blob/master/test/test_credit_card_sms_parser.rb,true,,payment_status,financial_normal_synthetic_v2,rule_synthetic_from_reviewed_sms_patterns,generator_rule_and_source_review,2026-09-15,train,12231885881426121506,a9c06366df85132299eeb22444f5e8e7f8deb1d56be4351631a58a1c27a29fd7,domestic_approval
financial-syn-0248,"BC카드 25** 승인 09/20 16:59 839,500원 커피전문점 일시불",BC카드,0,https://www.bccard.com/app/card/ContentsLinkActn.do?pgm_id=ind1074,true,,payment_status,financial_normal_synthetic_v2,rule_synthetic_from_reviewed_sms_patterns,generator_rule_and_source_review,2026-09-15,train,16026169047404313820,de6863d69ce4fcdc91230416a6a3ae2d292e3a76799f9fa29f7718d572eed110,domestic_approval
financial-syn-0249,"[NH농협카드] 카드 결제대금 813,500원 입금 처리가 완료되었습니다. 09/01 20:41 이용내역 https://card.nonghyup.com/",NH농협카드,0,https://github.com/kakao/credit-card-sms-parser/blob/master/test/test_credit_card_sms_parser.rb,true,,payment_status,financial_normal_synthetic_v2,rule_synthetic_from_reviewed_sms_patterns,generator_rule_and_source_review,2026-09-15,train,11910382626315629655,a54a2de50c86f457fb060c8ae6dbabf93db07d07da5f1d598466d1dc39f9cc8d,payment_deposit_completed
financial-syn-0250,"NH농협카드 승인 19** 04/13 10:51 704,800원 2개월 할부 음식점 이용내역 https://card.nonghyup.com/",NH농협카드,0,https://github.com/kakao/credit-card-sms-parser/blob/master/test/test_credit_card_sms_parser.rb,true,,payment_status,financial_normal_synthetic_v2,rule_synthetic_from_reviewed_sms_patterns,generator_rule_and_source_review,2026-09-15,train,6657958402005007773,5c65d1e428d5fd9d4c66edba15e0ff5aa99cd1c73d7cc2a29837633a7c165029,installment_approval
financial-syn-0251,"KB국민카드 83** 승인 06/07 23:58 564,700원 커피전문점 일시불",KB국민카드,0,https://github.com/kakao/credit-card-sms-parser/blob/master/test/test_credit_card_sms_parser.rb,true,,payment_status,financial_normal_synthetic_v2,rule_synthetic_from_reviewed_sms_patterns,generator_rule_and_source_review,2026-09-15,train,17449575983853060098,f22958e7cebfc002b96a50d80f215ae99e2516926746c78a5c1163548c3b5243,domestic_approval
financial-syn-0252,현대카드 해외승인 67** 12/23 23:28 US$264.87 해외가맹점,현대카드,0,https://www.hyundaicard.com/upload/card/T_AOB-20260403-1734-28_%EA%B0%80%EC%9D%B4%EB%93%9C%EB%B6%81_SKT_M%20Ed3_%ED%86%B5%EC%8B%A02.0_V3_%EA%B3%B5%EC%8B%A4%EC%9A%A9.pdf,true,,payment_status,financial_normal_synthetic_v2,rule_synthetic_from_reviewed_sms_patterns,generator_rule_and_source_review,2026-09-15,train,8502820847415774822,76001682c700ce66dfb8757ae7422bfd9224f39778616a591bc62cc8c6292551,overseas_approval
financial-syn-0253,"[하나카드] 후불교통 이용금액 554,000원 처리 완료 09/18",하나카드,0,https://www.hanacard.co.kr/contents/popup/club_sk/enclean/OPY15000000M.web?mID=OPY15000000M&schID=pcd,true,,payment_status,financial_normal_synthetic_v2,rule_synthetic_from_reviewed_sms_patterns,generator_rule_and_source_review,2026-09-15,train,7411034670422553343,66d948c474a3f2ff220dbc3fc6bf2169fd5364e5f47dcb06a18ee9d295e0e8c3,transit_payment
financial-syn-0254,"[NH농협카드] 보험료 532,200원 매출취소가 처리되었습니다. 02/25 14:11 이용내역 https://card.nonghyup.com/",NH농협카드,0,https://github.com/kakao/credit-card-sms-parser/blob/master/test/test_credit_card_sms_parser.rb,true,,payment_status,financial_normal_synthetic_v2,rule_synthetic_from_reviewed_sms_patterns,generator_rule_and_source_review,2026-09-15,train,8547913159856207739,76a049bae81db77b93e3ac4b1fd67ef1c320b35ce09a1e5fcc929799024d2d11,sale_cancelled
financial-syn-0255,"[Web발신] [현대카드] 정기결제 승인 03/06 01:17 336,700원 편의점",현대카드,0,https://www.hyundaicard.com/upload/card/T_AOB-20260403-1734-28_%EA%B0%80%EC%9D%B4%EB%93%9C%EB%B6%81_SKT_M%20Ed3_%ED%86%B5%EC%8B%A02.0_V3_%EA%B3%B5%EC%8B%A4%EC%9A%A9.pdf,true,,payment_status,financial_normal_synthetic_v2,rule_synthetic_from_reviewed_sms_patterns,generator_rule_and_source_review,2026-09-15,train,5644377353088684984,4e54db4c251c53b81743e79c1c35845a971b651d30173ee2231883572d625cf3,recurring_approval
financial-syn-0256,"[Web발신] [BC카드] 10/03 14:25 79** 음식점 체크카드출금 517,900원 잔액 791,300원",BC카드,0,https://www.bccard.com/app/card/ContentsLinkActn.do?pgm_id=ind1074,true,,payment_status,financial_normal_synthetic_v2,rule_synthetic_from_reviewed_sms_patterns,generator_rule_and_source_review,2026-09-15,train,12038024760141441328,a70fa7bd399669309ea26eb9dfacf087dbab06cfd1bebbf8527a3b8282e23910,check_withdrawal
financial-syn-0257,"[Web발신] [NH농협카드] 02/15 19:06 66** 주유소 체크카드출금 828,100원 잔액 2,478,700원",NH농협카드,0,https://github.com/kakao/credit-card-sms-parser/blob/master/test/test_credit_card_sms_parser.rb,true,,payment_status,financial_normal_synthetic_v2,rule_synthetic_from_reviewed_sms_patterns,generator_rule_and_source_review,2026-09-15,train,16465392198326696271,e480d2f78cc0394fd62cdc91269f004e03c1bf4cb16bb2017e4816d8b6c613fc,check_withdrawal
financial-syn-0258,"하나카드 온라인승인 72** 11/15 06:32 442,700원 커피전문점",하나카드,0,https://www.hanacard.co.kr/contents/popup/club_sk/enclean/OPY15000000M.web?mID=OPY15000000M&schID=pcd,true,,payment_status,financial_normal_synthetic_v2,rule_synthetic_from_reviewed_sms_patterns,generator_rule_and_source_review,2026-09-15,train,10193870210528054701,8d77e6f270f60dad3401e0ca96edc4c9b25dfa6f25ae299522e0c389113438c3,online_approval
financial-syn-0259,[Web발신] KB국민카드 해외승인 02** 12/25 11:19 US$628.85 해외가맹점,KB국민카드,0,https://github.com/kakao/credit-card-sms-parser/blob/master/test/test_credit_card_sms_parser.rb,true,,payment_status,financial_normal_synthetic_v2,rule_synthetic_from_reviewed_sms_patterns,generator_rule_and_source_review,2026-09-15,train,7813030514721516104,6c6d75dba1436a4863ed5a4f88ef56736474ebbf5702363b8973792bc9251236,overseas_approval
financial-syn-0260,"[NH농협카드] 카드 결제대금 340,600원 입금 처리가 완료되었습니다. 02/02 20:18 이용내역 https://card.nonghyup.com/",NH농협카드,0,https://github.com/kakao/credit-card-sms-parser/blob/master/test/test_credit_card_sms_parser.rb,true,,payment_status,financial_normal_synthetic_v2,rule_synthetic_from_reviewed_sms_patterns,generator_rule_and_source_review,2026-09-15,train,273175825742813655,03ca83f7569fd9d73cb66f4a9eba07675d5b699dd4cd9fa7f1a55c5883d9450b,payment_deposit_completed
financial-syn-0261,"[Web발신] [KB국민카드] 정기결제 승인 04/25 13:38 567,100원 생활용품점",KB국민카드,0,https://github.com/kakao/credit-card-sms-parser/blob/master/test/test_credit_card_sms_parser.rb,true,,payment_status,financial_normal_synthetic_v2,rule_synthetic_from_reviewed_sms_patterns,generator_rule_and_source_review,2026-09-15,train,16036939583492326682,de8ea7957676051a633d188d30d064536d8d26ebb4f7e0b06120c522baea4953,recurring_approval
financial-syn-0262,"[Web발신] [현대카드] 후불교통 이용금액 491,000원 처리 완료 11/01 이용내역 https://www.hyundaicard.com/",현대카드,0,https://www.hyundaicard.com/upload/card/T_AOB-20260403-1734-28_%EA%B0%80%EC%9D%B4%EB%93%9C%EB%B6%81_SKT_M%20Ed3_%ED%86%B5%EC%8B%A02.0_V3_%EA%B3%B5%EC%8B%A4%EC%9A%A9.pdf,true,,payment_status,financial_normal_synthetic_v2,rule_synthetic_from_reviewed_sms_patterns,generator_rule_and_source_review,2026-09-15,train,35499712852963350,007e1eccfe3ab016ced015cc92ca76bdb1353f0ce0d0544a0a0c93496bea3834,transit_payment
financial-syn-0263,"[Web발신] 현대카드 승인 55** 09/03 17:42 192,800원 10개월 할부 동네마트",현대카드,0,https://www.hyundaicard.com/upload/card/T_AOB-20260403-1734-28_%EA%B0%80%EC%9D%B4%EB%93%9C%EB%B6%81_SKT_M%20Ed3_%ED%86%B5%EC%8B%A02.0_V3_%EA%B3%B5%EC%8B%A4%EC%9A%A9.pdf,true,,payment_status,financial_normal_synthetic_v2,rule_synthetic_from_reviewed_sms_patterns,generator_rule_and_source_review,2026-09-15,train,2727508242900504282,25da0e4bc408cedade9ad2e3fbd8f279b5450334d0b3e5f2e42cd2dd174d2599,installment_approval
financial-syn-0264,"[하나카드] 정기결제 승인 02/03 15:23 823,000원 보험료",하나카드,0,https://www.hanacard.co.kr/contents/popup/club_sk/enclean/OPY15000000M.web?mID=OPY15000000M&schID=pcd,true,,payment_status,financial_normal_synthetic_v2,rule_synthetic_from_reviewed_sms_patterns,generator_rule_and_source_review,2026-09-15,train,18192498834426257713,fc78bd4d4aaf61315d8ac28eb238ad0a58db3de7df8d776f4afafca56fbfdd2f,recurring_approval
financial-syn-0265,"[Web발신] [NH농협카드] 08/28 21:10 24** 동네마트 체크카드출금 610,100원 잔액 3,471,300원",NH농협카드,0,https://github.com/kakao/credit-card-sms-parser/blob/master/test/test_credit_card_sms_parser.rb,true,,payment_status,financial_normal_synthetic_v2,rule_synthetic_from_reviewed_sms_patterns,generator_rule_and_source_review,2026-09-15,train,14876212771893810687,ce72ecb2cfdc15ff4e82ae746bc3bd15f0c95756f3892d3d68d884f6212e74ab,check_withdrawal
financial-syn-0266,"[Web발신] [NH농협카드] 07/12 12:52 29** 동네마트 체크카드출금 893,200원 잔액 2,419,200원",NH농협카드,0,https://github.com/kakao/credit-card-sms-parser/blob/master/test/test_credit_card_sms_parser.rb,true,,payment_status,financial_normal_synthetic_v2,rule_synthetic_from_reviewed_sms_patterns,generator_rule_and_source_review,2026-09-15,train,16751469198592321575,e8792c7ba7fe282765707100a7ce40f42370fa64361452c0c98b3e939153ad19,check_withdrawal
financial-syn-0267,"[BC카드] 정기결제 승인 07/02 10:56 770,300원 동네마트",BC카드,0,https://www.bccard.com/app/card/ContentsLinkActn.do?pgm_id=ind1074,true,,payment_status,financial_normal_synthetic_v2,rule_synthetic_from_reviewed_sms_patterns,generator_rule_and_source_review,2026-09-15,train,8089225654346897380,7042b3dfc352d7e40747982dbc2d1b4b8fb155a025ef4d0f2376fbf9b8bc82d5,recurring_approval
financial-syn-0268,[Web발신] NH농협카드 해외승인 03** 02/14 01:51 US$130.49 해외가맹점,NH농협카드,0,https://github.com/kakao/credit-card-sms-parser/blob/master/test/test_credit_card_sms_parser.rb,true,,payment_status,financial_normal_synthetic_v2,rule_synthetic_from_reviewed_sms_patterns,generator_rule_and_source_review,2026-09-15,train,7957979468054654433,6e706c29bb3fede1a32028fefd8b945a68d3b79d36b421be2e1934ba389eaef1,overseas_approval
financial-syn-0269,"[하나카드] 후불교통 이용금액 605,000원 처리 완료 01/08",하나카드,0,https://www.hanacard.co.kr/contents/popup/club_sk/enclean/OPY15000000M.web?mID=OPY15000000M&schID=pcd,true,,payment_status,financial_normal_synthetic_v2,rule_synthetic_from_reviewed_sms_patterns,generator_rule_and_source_review,2026-09-15,train,4309556163166889839,3bce9e7f5528676fc2da7ea1e428c06100838df5746a19049a4a52215b686b96,transit_payment
financial-syn-0270,"KB국민카드 온라인승인 76** 08/23 12:59 30,400원 온라인쇼핑",KB국민카드,0,https://github.com/kakao/credit-card-sms-parser/blob/master/test/test_credit_card_sms_parser.rb,true,,payment_status,financial_normal_synthetic_v2,rule_synthetic_from_reviewed_sms_patterns,generator_rule_and_source_review,2026-09-15,train,2144003289141657854,1dc107a1ce8ec0fe5d99bf8fdcbb6c65b7f21be7dc85a7e40b74226b72284d2a,online_approval
financial-syn-0271,[Web발신] NH농협카드 해외승인 34** 09/15 11:52 US$518.93 해외가맹점,NH농협카드,0,https://github.com/kakao/credit-card-sms-parser/blob/master/test/test_credit_card_sms_parser.rb,true,,payment_status,financial_normal_synthetic_v2,rule_synthetic_from_reviewed_sms_patterns,generator_rule_and_source_review,2026-09-15,train,11289189201970773201,9cab41c439a4bcd17799e7f25e7a00cf297e86ac18ac2c95e88177bcafa10d08,overseas_approval
financial-syn-0272,"[Web발신] [NH농협카드] 11/13 16:36 01** 커피전문점 체크카드출금 314,300원 잔액 2,343,800원",NH농협카드,0,https://github.com/kakao/credit-card-sms-parser/blob/master/test/test_credit_card_sms_parser.rb,true,,payment_status,financial_normal_synthetic_v2,rule_synthetic_from_reviewed_sms_patterns,generator_rule_and_source_review,2026-09-15,train,8665833325740548127,7843397f0781e01fa7759de2ba1e142d17aac17a51cad53523e4b52e80a738cf,check_withdrawal
financial-syn-0273,"[Web발신] [BC카드] 02/14 01:39 51** 편의점 체크카드출금 340,700원 잔액 2,846,400원",BC카드,0,https://www.bccard.com/app/card/ContentsLinkActn.do?pgm_id=ind1074,true,,payment_status,financial_normal_synthetic_v2,rule_synthetic_from_reviewed_sms_patterns,generator_rule_and_source_review,2026-09-15,train,4234169240219295016,3ac2ca7d8a281d287bacbbee5a82b67cf9dc5656d70d4643432b2a47f4397c5a,check_withdrawal
financial-syn-0274,"[Web발신] [KB국민카드] 정기결제 승인 11/04 16:54 459,600원 약국",KB국민카드,0,https://github.com/kakao/credit-card-sms-parser/blob/master/test/test_credit_card_sms_parser.rb,true,,payment_status,financial_normal_synthetic_v2,rule_synthetic_from_reviewed_sms_patterns,generator_rule_and_source_review,2026-09-15,train,10903282812260834594,97503df31e6ddd22730eaaa43852294e20aba59782a7471d7a5913299da8aecd,recurring_approval
financial-syn-0275,"현대카드 35** 승인취소 02/26 08:16 327,200원 커피전문점 취소 완료 이용내역 https://www.hyundaicard.com/",현대카드,0,https://www.hyundaicard.com/upload/card/T_AOB-20260403-1734-28_%EA%B0%80%EC%9D%B4%EB%93%9C%EB%B6%81_SKT_M%20Ed3_%ED%86%B5%EC%8B%A02.0_V3_%EA%B3%B5%EC%8B%A4%EC%9A%A9.pdf,true,,payment_status,financial_normal_synthetic_v2,rule_synthetic_from_reviewed_sms_patterns,generator_rule_and_source_review,2026-09-15,train,17265338838344824002,ef9ace32a24c74c26f9290985f110e7f2ca36bf39d5eafcb08702bff9a9cf17e,approval_cancelled
financial-syn-0276,[Web발신] 하나카드 해외승인 91** 02/14 09:05 US$828.72 해외가맹점,하나카드,0,https://www.hanacard.co.kr/contents/popup/club_sk/enclean/OPY15000000M.web?mID=OPY15000000M&schID=pcd,true,,payment_status,financial_normal_synthetic_v2,rule_synthetic_from_reviewed_sms_patterns,generator_rule_and_source_review,2026-09-15,train,2100613243737858151,1d26e09d9b79e067503d22da0cc10eda27af77d26dd295713c38770cc36bbb3e,overseas_approval
financial-syn-0277,"BC카드 온라인승인 68** 10/14 16:52 534,400원 보험료",BC카드,0,https://www.bccard.com/app/card/ContentsLinkActn.do?pgm_id=ind1074,true,,payment_status,financial_normal_synthetic_v2,rule_synthetic_from_reviewed_sms_patterns,generator_rule_and_source_review,2026-09-15,train,474770482372689160,0696b93cffaa3d084ec3b882ef3b69253ce7429972feae991393bd2cdad7c58e,online_approval
financial-syn-0278,"[Web발신] 롯데카드 온라인승인 38** 09/09 15:04 575,900원 커피전문점",롯데카드,0,https://www.lottecard.co.kr/app/LPBNFBD_V500.lc,true,,payment_status,financial_normal_synthetic_v2,rule_synthetic_from_reviewed_sms_patterns,generator_rule_and_source_review,2026-09-15,train,4605019843653186449,3fe851263c92b391ad1004ccc0b1f9efa49fd897c85794f0424a7c7aae7ff8c2,online_approval
financial-syn-0279,"[Web발신] [하나카드] 후불교통 이용금액 62,100원 처리 완료 06/12",하나카드,0,https://www.hanacard.co.kr/contents/popup/club_sk/enclean/OPY15000000M.web?mID=OPY15000000M&schID=pcd,true,,payment_status,financial_normal_synthetic_v2,rule_synthetic_from_reviewed_sms_patterns,generator_rule_and_source_review,2026-09-15,train,14873288110445480239,ce6888bc0124c92feb4e473061a155d61ab1af39150b8fa636fbb69330c14f51,transit_payment
financial-syn-0280,"[Web발신] [KB국민카드] 정기결제 승인 05/25 03:46 738,400원 생활용품점",KB국민카드,0,https://github.com/kakao/credit-card-sms-parser/blob/master/test/test_credit_card_sms_parser.rb,true,,payment_status,financial_normal_synthetic_v2,rule_synthetic_from_reviewed_sms_patterns,generator_rule_and_source_review,2026-09-15,train,13765358814959796098,bf0860e903787f82c40f9a63a9a35dde2bcfecb7f8d7b0b80735241f3a69c571,recurring_approval
financial-syn-0281,"BC카드 29** 승인 12/14 14:10 674,900원 통신요금 일시불",BC카드,0,https://www.bccard.com/app/card/ContentsLinkActn.do?pgm_id=ind1074,true,,payment_status,financial_normal_synthetic_v2,rule_synthetic_from_reviewed_sms_patterns,generator_rule_and_source_review,2026-09-15,train,7594978151190362044,6966c8637a8df7bc039c7d841c170401655d3c01e6138e6915fc8569b969313f,domestic_approval
financial-syn-0282,"[Web발신] 하나카드 온라인승인 69** 09/14 20:19 877,100원 대중교통",하나카드,0,https://www.hanacard.co.kr/contents/popup/club_sk/enclean/OPY15000000M.web?mID=OPY15000000M&schID=pcd,true,,payment_status,financial_normal_synthetic_v2,rule_synthetic_from_reviewed_sms_patterns,generator_rule_and_source_review,2026-09-15,train,13238395719465844333,b7b83ac44ed03e6db33149764e795705157ab980d2fd446cafd63c11187a66f3,online_approval
financial-syn-0283,"KB국민카드 온라인승인 62** 09/07 18:12 50,400원 생활용품점",KB국민카드,0,https://github.com/kakao/credit-card-sms-parser/blob/master/test/test_credit_card_sms_parser.rb,true,,payment_status,financial_normal_synthetic_v2,rule_synthetic_from_reviewed_sms_patterns,generator_rule_and_source_review,2026-09-15,train,14910450076466592230,ceec8f5878fcb9e6d671da99f53a86d93cd75f5dfd1b8101e54724ed30f9f26b,online_approval
financial-syn-0284,"[Web발신] KB국민카드 66** 승인거절 09/19 19:50 283,500원 온라인서점",KB국민카드,0,https://github.com/kakao/credit-card-sms-parser/blob/master/test/test_credit_card_sms_parser.rb,true,,payment_status,financial_normal_synthetic_v2,rule_synthetic_from_reviewed_sms_patterns,generator_rule_and_source_review,2026-09-15,train,9864977923975396964,88e77127ab9fbe64d2db17aa706a8d1b60448e58763385903eff653907ece36a,approval_declined
financial-syn-0285,"[Web발신] [롯데카드] 06/15 23:29 79** 대중교통 체크카드출금 357,300원 잔액 2,400,600원",롯데카드,0,https://www.lottecard.co.kr/app/LPBNFBD_V500.lc,true,,payment_status,financial_normal_synthetic_v2,rule_synthetic_from_reviewed_sms_patterns,generator_rule_and_source_review,2026-09-15,train,9140180497196893793,7ed871bc465fc661fef0522c11e515d2ecbb69c80023c4b8025b9e33fbd03e13,check_withdrawal
financial-syn-0286,"[롯데카드] 카드 결제대금 298,000원 입금 처리가 완료되었습니다. 07/07 11:29",롯데카드,0,https://www.lottecard.co.kr/app/LPBNFBD_V500.lc,true,,payment_status,financial_normal_synthetic_v2,rule_synthetic_from_reviewed_sms_patterns,generator_rule_and_source_review,2026-09-15,train,3114707670752885201,2b39aa1fc668f9d1342f7ed3d1bccaf5fbee9e7376bd0a263f9cbd33e8005316,payment_deposit_completed
financial-syn-0287,"[Web발신] [롯데카드] 카드 결제대금 720,300원 입금 처리가 완료되었습니다. 05/13 18:54",롯데카드,0,https://www.lottecard.co.kr/app/LPBNFBD_V500.lc,true,,payment_status,financial_normal_synthetic_v2,rule_synthetic_from_reviewed_sms_patterns,generator_rule_and_source_review,2026-09-15,train,16517652186944129393,e53a7d2656424971e0fb9511533e823cec3df0854aceb770100d433b50f2291f,payment_deposit_completed
financial-syn-0288,"[Web발신] 롯데카드 06** 승인취소 10/03 06:51 727,300원 편의점 취소 완료",롯데카드,0,https://www.lottecard.co.kr/app/LPBNFBD_V500.lc,true,,payment_status,financial_normal_synthetic_v2,rule_synthetic_from_reviewed_sms_patterns,generator_rule_and_source_review,2026-09-15,train,12224536126093163255,a9a646d69bb67af7fc5cb40ce8c94c6bd194a46cbecee174d9c357614fa23286,approval_cancelled
financial-syn-0289,"[Web발신] [NH농협카드] 정기결제 승인 03/20 01:58 252,500원 보험료",NH농협카드,0,https://github.com/kakao/credit-card-sms-parser/blob/master/test/test_credit_card_sms_parser.rb,true,,payment_status,financial_normal_synthetic_v2,rule_synthetic_from_reviewed_sms_patterns,generator_rule_and_source_review,2026-09-15,train,5508294806012520795,4c7164f11e81695be31d6b6141cb2353e7284b76ba2f59641f1675f41e4b85ff,recurring_approval
financial-syn-0290,"[Web발신] BC카드 24** 승인거절 06/25 10:07 286,000원 보험료",BC카드,0,https://www.bccard.com/app/card/ContentsLinkActn.do?pgm_id=ind1074,true,,payment_status,financial_normal_synthetic_v2,rule_synthetic_from_reviewed_sms_patterns,generator_rule_and_source_review,2026-09-15,train,9256864883314759990,8076fd90ffc399361080c084d7e2265e5e877ca8a363bd9e945391aa67cdf9c4,approval_declined
financial-syn-0291,"[Web발신] [현대카드] 보험료 14,100원 매출취소가 처리되었습니다. 01/19 10:01",현대카드,0,https://www.hyundaicard.com/upload/card/T_AOB-20260403-1734-28_%EA%B0%80%EC%9D%B4%EB%93%9C%EB%B6%81_SKT_M%20Ed3_%ED%86%B5%EC%8B%A02.0_V3_%EA%B3%B5%EC%8B%A4%EC%9A%A9.pdf,true,,payment_status,financial_normal_synthetic_v2,rule_synthetic_from_reviewed_sms_patterns,generator_rule_and_source_review,2026-09-15,train,1449592007859088656,141dfc4039afad1028a3e2f9e1114801939d162a4f57b4701c832d95a838de6f,sale_cancelled
financial-syn-0292,"[KB국민카드]-승인 82** 05/03 02:35 88,800원 온라인서점 누적 1,876,400원",KB국민카드,0,https://github.com/kakao/credit-card-sms-parser/blob/master/test/test_credit_card_sms_parser.rb,true,,payment_status,financial_normal_synthetic_v2,rule_synthetic_from_reviewed_sms_patterns,generator_rule_and_source_review,2026-09-15,train,17074674075047514632,ecf56d9b12c7520815a3af54541e59d02b2c818de6163a0c8a34de3b9685b35c,approval_with_total
financial-syn-0293,"[NH농협카드] 정기결제 승인 11/16 14:23 227,600원 통신요금",NH농협카드,0,https://github.com/kakao/credit-card-sms-parser/blob/master/test/test_credit_card_sms_parser.rb,true,,payment_status,financial_normal_synthetic_v2,rule_synthetic_from_reviewed_sms_patterns,generator_rule_and_source_review,2026-09-15,train,307706959251076443,044531d96113755b507565fc34b8da930cb0df53821c94a17bb8ef09423460a6,recurring_approval
financial-syn-0294,"[Web발신] [BC카드] 후불교통 이용금액 612,500원 처리 완료 03/10",BC카드,0,https://www.bccard.com/app/card/ContentsLinkActn.do?pgm_id=ind1074,true,,payment_status,financial_normal_synthetic_v2,rule_synthetic_from_reviewed_sms_patterns,generator_rule_and_source_review,2026-09-15,train,4137521587557877642,396b6df65ce5c78a9ea3c200796cd69b0df26b0208a5a846df5173df7364e11a,transit_payment
financial-syn-0295,"[Web발신] 하나카드 42** 승인 09/24 06:41 2,900원 약국 일시불",하나카드,0,https://www.hanacard.co.kr/contents/popup/club_sk/enclean/OPY15000000M.web?mID=OPY15000000M&schID=pcd,true,,payment_status,financial_normal_synthetic_v2,rule_synthetic_from_reviewed_sms_patterns,generator_rule_and_source_review,2026-09-15,train,7018550998122008809,6166e6f2690690e965b2ce3aadb6f080c9fe5cd1f3b30d496e1725b54739a1e8,domestic_approval
financial-syn-0296,"[현대카드] 주유소 288,100원 매출취소가 처리되었습니다. 12/18 11:02",현대카드,0,https://www.hyundaicard.com/upload/card/T_AOB-20260403-1734-28_%EA%B0%80%EC%9D%B4%EB%93%9C%EB%B6%81_SKT_M%20Ed3_%ED%86%B5%EC%8B%A02.0_V3_%EA%B3%B5%EC%8B%A4%EC%9A%A9.pdf,true,,payment_status,financial_normal_synthetic_v2,rule_synthetic_from_reviewed_sms_patterns,generator_rule_and_source_review,2026-09-15,train,14329869347652091872,c6ddec3fb08fbfe0503d1c91b70a0e6a9ac4cc24b640975cb91940b84cfd7b0c,sale_cancelled
financial-syn-0297,"하나카드 71** 승인취소 11/06 06:53 4,400원 생활용품점 취소 완료",하나카드,0,https://www.hanacard.co.kr/contents/popup/club_sk/enclean/OPY15000000M.web?mID=OPY15000000M&schID=pcd,true,,payment_status,financial_normal_synthetic_v2,rule_synthetic_from_reviewed_sms_patterns,generator_rule_and_source_review,2026-09-15,train,10756418791674819475,954679e6ad1d33938de5e029704048b218f7b7122704ed83fe5ba01ee7046ffd,approval_cancelled
financial-syn-0298,[Web발신] 현대카드 해외승인 83** 08/16 07:40 US$426.35 해외가맹점,현대카드,0,https://www.hyundaicard.com/upload/card/T_AOB-20260403-1734-28_%EA%B0%80%EC%9D%B4%EB%93%9C%EB%B6%81_SKT_M%20Ed3_%ED%86%B5%EC%8B%A02.0_V3_%EA%B3%B5%EC%8B%A4%EC%9A%A9.pdf,true,,payment_status,financial_normal_synthetic_v2,rule_synthetic_from_reviewed_sms_patterns,generator_rule_and_source_review,2026-09-15,train,14372060782921287798,c773d122b8588876594a57f567ee4662d69e82b707bb686678fb369a00a32d28,overseas_approval
financial-syn-0299,"[Web발신] [NH농협카드] 후불교통 이용금액 669,900원 처리 완료 12/20",NH농협카드,0,https://github.com/kakao/credit-card-sms-parser/blob/master/test/test_credit_card_sms_parser.rb,true,,payment_status,financial_normal_synthetic_v2,rule_synthetic_from_reviewed_sms_patterns,generator_rule_and_source_review,2026-09-15,train,18304924772678879793,fe082818dbc5ca316ff83021940a105808aadee3e5a206eeaf7aeb6cb736c99a,transit_payment
financial-syn-0300,"NH농협카드 65** 승인거절 02/22 04:07 480,900원 음식점",NH농협카드,0,https://github.com/kakao/credit-card-sms-parser/blob/master/test/test_credit_card_sms_parser.rb,true,,payment_status,financial_normal_synthetic_v2,rule_synthetic_from_reviewed_sms_patterns,generator_rule_and_source_review,2026-09-15,train,5734530678801821757,4f952544ff8ff03d3b89ceed3300ecf2b336c53edceb2f2d66ec95afad28017a,approval_declined
